cod,denumire,um,tva,den_tip,stoc,grupa,pret_vanz,pret_v_tva,is_valuta,cod_bare,cod_fe,cod_cpv,plu,tip,pret_vanz2,pret_v_tv2,blocat,brut,cant_min,text_supl,garantie,greutate,ok,is_lot,cod_cer,categorie,cod_sgr,volum,tip_a,tara_orig,greutate_b
"00000001","STAMPILA","BUC",0.00,"Obiecte de inventar",0.000,"",0.0000,0.0000,0,0,"","",0,"06",0.0000,0.0000,0,0.000,0.000,"",0,0.000,0,0,"","","",0.000,"","",0.000
"00000002","CUTIE SCULE 26 AL","BUC",0.00,"Obiecte de inventar",0.000,"",0.0000,0.0000,0,0,"","",0,"06",0.0000,0.0000,0,0.000,0.000,"",0,0.000,0,0,"","","",0.000,"","",0.000
"00000003","GEANTA SCULE 406M","BUC",0.00,"Obiecte de inventar",0.000,"",0.0000,0.0000,0,0,"","",0,"06",0.0000,0.0000,0,0.000,0.000,"",0,0.000,0,0,"","","",0.000,"","",0.000
"00000004","REGISTRU UNIC DE CONTROL","BUC",0.00,"Obiecte de inventar",0.000,"",0.0000,0.0000,0,0,"","",0,"06",0.0000,0.0000,0,0.000,0.000,"",0,0.000,0,0,"","","",0.000,"","",0.000
"00000005","MASINA DE GAURIT 2AK","BUC",0.00,"Obiecte de inventar",0.000,"",0.0000,0.0000,0,0,"","",0,"06",0.0000,0.0000,0,0.000,0.000,"",0,0.000,0,0,"","","",0.000,"","",0.000
"00000006","APARAT LIPITPOLIP 1500W","BUC",0.00,"Obiecte de inventar",0.000,"",0.0000,0.0000,0,0,"","",0,"06",0.0000,0.0000,0,0.000,0.000,"",0,0.000,0,0,"","","",0.000,"","",0.000
"00000007","ANTENA STATIE CB","BUC",0.00,"Obiecte de inventar",0.000,"",0.0000,0.0000,0,0,"","",0,"06",0.0000,0.0000,0,0.000,0.000,"",0,0.000,0,0,"","","",0.000,"","",0.000
"00000008","STATIE RADIO CB","BUC",0.00,"Obiecte de inventar",0.000,"",0.0000,0.0000,0,0,"","",0,"06",0.0000,0.0000,0,0.000,0.000,"",0,0.000,0,0,"","","",0.000,"","",0.000
"00000009","ASPIRATOR 17L 1000 W WD3 KARCH","BUC",0.00,"Obiecte de inventar",0.000,"",0.0000,0.0000,0,0,"","",0,"06",0.0000,0.0000,0,0.000,0.000,"",0,0.000,0,0,"","","",0.000,"","",0.000
"00000010","SET 12 CHEI INELARE DUBLU COTITE","BUC",0.00,"Obiecte de inventar",0.000,"",0.0000,0.0000,0,0,"","",0,"06",0.0000,0.0000,0,0.000,0.000,"",0,0.000,0,0,"","","",0.000,"","",0.000
"00000011","SET 12 CHEI FIXE","BUC",0.00,"Obiecte de inventar",0.000,"",0.0000,0.0000,0,0,"","",0,"06",0.0000,0.0000,0,0.000,0.000,"",0,0.000,0,0,"","","",0.000,"","",0.000
"00000012","APARAT DE MANA PT. LIPIT TURBO STAR","BUC",0.00,"Obiecte de inventar",0.000,"",0.0000,0.0000,0,0,"","",0,"06",0.0000,0.0000,0,0.000,0.000,"",0,0.000,0,0,"","","",0.000,"","",0.000
"00000013","MANIFOLD DIGITAL","",0.00,"Obiecte de inventar",0.000,"",0.0000,0.0000,0,0,"","",0,"06",0.0000,0.0000,0,0.000,0.000,"",0,0.000,0,0,"","","",0.000,"","",0.000
"00000014","TRUSA MANIFOLD","BUC",0.00,"Obiecte de inventar",0.000,"",0.0000,0.0000,0,0,"","",0,"06",0.0000,0.0000,0,0.000,0.000,"",0,0.000,0,0,"","","",0.000,"","",0.000
"00000015","MULTIFUNCTIONAL LASER MONOCROM XEROX WORKCENTRE 32225DNI","BUC",0.00,"Obiecte de inventar",0.000,"",0.0000,0.0000,0,0,"","",0,"06",0.0000,0.0000,0,0.000,0.000,"",0,0.000,0,0,"","","",0.000,"","",0.000
"00000016","TV SMART LED","BUC",0.00,"Obiecte de inventar",0.000,"",0.0000,0.0000,0,0,"","",0,"06",0.0000,0.0000,0,0.000,0.000,"",0,0.000,0,0,"","","",0.000,"","",0.000
"00000017","SUPORT TV HAMA FIX 10-46","BUC",0.00,"Obiecte de inventar",0.000,"",0.0000,0.0000,0,0,"","",0,"06",0.0000,0.0000,0,0.000,0.000,"",0,0.000,0,0,"","","",0.000,"","",0.000
"00000018","POLIZOR MAKITA","BUC",0.00,"Obiecte de inventar",0.000,"",0.0000,0.0000,0,0,"","",0,"06",0.0000,0.0000,0,0.000,0.000,"",0,0.000,0,0,"","","",0.000,"","",0.000
"00000019","DULAP MASINA SPALAT","BUC",0.00,"Obiecte de inventar",0.000,"",0.0000,0.0000,0,0,"","",0,"06",0.0000,0.0000,0,0.000,0.000,"",0,0.000,0,0,"","","",0.000,"","",0.000
"00000020","COMODA + 2 NOPTIERE","BUC",0.00,"Obiecte de inventar",0.000,"",0.0000,0.0000,0,0,"","",0,"06",0.0000,0.0000,0,0.000,0.000,"",0,0.000,0,0,"","","",0.000,"","",0.000
"00000021","APARAT SUDURA PPR","BUC",0.00,"Obiecte de inventar",0.000,"",0.0000,0.0000,0,0,"","",0,"06",0.0000,0.0000,0,0.000,0.000,"",0,0.000,0,0,"","","",0.000,"","",0.000
"00000022","APARAT LIPIT PO","BUC",0.00,"Obiecte de inventar",0.000,"",0.0000,0.0000,0,0,"","",0,"06",0.0000,0.0000,0,0.000,0.000,"",0,0.000,0,0,"","","",0.000,"","",0.000
"00000023","FOARFECA RC 2375","BUC",0.00,"Obiecte de inventar",0.000,"",0.0000,0.0000,0,0,"","",0,"06",0.0000,0.0000,0,0.000,0.000,"",0,0.000,0,0,"","","",0.000,"","",0.000
"00000024","PRELUNGITOR","BUC",0.00,"Obiecte de inventar",0.000,"",0.0000,0.0000,0,0,"","",0,"06",0.0000,0.0000,0,0.000,0.000,"",0,0.000,0,0,"","","",0.000,"","",0.000
"00000025","ASPIRATOR UMED USCA BOSCH","BUC",0.00,"Obiecte de inventar",0.000,"",0.0000,0.0000,0,0,"","",0,"06",0.0000,0.0000,0,0.000,0.000,"",0,0.000,0,0,"","","",0.000,"","",0.000
"00000026","ROTOPERCUTOR SDS MAX","BUC",0.00,"Obiecte de inventar",0.000,"",0.0000,0.0000,0,0,"","",0,"06",0.0000,0.0000,0,0.000,0.000,"",0,0.000,0,0,"","","",0.000,"","",0.000
"00000027","SISTEM ASPIRARE PRAF","BUC",0.00,"Obiecte de inventar",0.000,"",0.0000,0.0000,0,0,"","",0,"06",0.0000,0.0000,0,0.000,0.000,"",0,0.000,0,0,"","","",0.000,"","",0.000
"00000028","PLATFORMA STANDERS OTEL","BUC",19.00,"Obiecte de inventar",0.000,"",0.0000,0.0000,0,0,"","",0,"06",0.0000,0.0000,0,0.000,0.000,"",0,0.000,0,0,"","","",0.000,"","",0.000
"00000029","ELECTROPALAN 250 KG/18M 930W","BUC",19.00,"Obiecte de inventar",0.000,"",0.0000,0.0000,0,0,"","",0,"06",0.0000,0.0000,0,0.000,0.000,"",0,0.000,0,0,"","","",0.000,"","",0.000
"00000030","NIVELA LASER DEXTER 360","BUC",19.00,"Obiecte de inventar",0.000,"",0.0000,0.0000,0,0,"","",0,"06",0.0000,0.0000,0,0.000,0.000,"",0,0.000,0,0,"","","",0.000,"","",0.000
"00000031","POLIZOR UNGHIULAR 125MM/950W","BUC",19.00,"Obiecte de inventar",0.000,"",0.0000,0.0000,0,0,"","",0,"06",0.0000,0.0000,0,0.000,0.000,"",0,0.000,0,0,"","","",0.000,"","",0.000
"00000032","AZOT 14L","",19.00,"Alte mat. consumabile",0.000,"",0.0000,0.0000,0,0,"","",0,"16",0.0000,0.0000,0,0.000,0.000,"",0,0.000,0,0,"","","",0.000,"","",0.000
"00000033","BUTELIE AZOT 10.8MC","BUC",19.00,"Marfuri",0.000,"",0.0000,0.0000,0,0,"","",0,"01",0.0000,0.0000,0,0.000,0.000,"",0,0.000,0,0,"","","",0.000,"","",0.000
"00000034","BUTELIE OXIGEN","BUC",19.00,"Marfuri",0.000,"",0.0000,0.0000,0,0,"","",0,"01",0.0000,0.0000,0,0.000,0.000,"",0,0.000,0,0,"","","",0.000,"","",0.000
"00000035","ANVELOPE 245/40 R18 ATLANTIS","BUC",19.00,"Obiecte de inventar",0.000,"",0.0000,0.0000,0,0,"","",0,"06",0.0000,0.0000,0,0.000,0.000,"",0,0.000,0,0,"","","",0.000,"","",0.000
"00000036","CURATITOR PRES. K4 FULL CONTROL","BUC",19.00,"Obiecte de inventar",0.000,"",0.0000,0.0000,0,0,"","",0,"06",0.0000,0.0000,0,0.000,0.000,"",0,0.000,0,0,"","","",0.000,"","",0.000
"00000037","ASPIRATOR ASPWD3","BUC",19.00,"Obiecte de inventar",0.000,"",0.0000,0.0000,0,0,"","",0,"06",0.0000,0.0000,0,0.000,0.000,"",0,0.000,0,0,"","","",0.000,"","",0.000
"00000038","CIOCAN ROTOPERCUTOR MAKITA DHR165Z","BUC",19.00,"Obiecte de inventar",0.000,"",0.0000,0.0000,0,0,"","",0,"06",0.0000,0.0000,0,0.000,0.000,"",0,0.000,0,0,"","","",0.000,"","",0.000
"00000039","MASINA DE GAURIT SI INSURUBAT MAKITA DDF481Z","BUC",19.00,"Obiecte de inventar",0.000,"",0.0000,0.0000,0,0,"","",0,"06",0.0000,0.0000,0,0.000,0.000,"",0,0.000,0,0,"","","",0.000,"","",0.000
"00000040","APARAT DE FACUT CAFEA MAKITA DCM501Z","BUC",19.00,"Obiecte de inventar",0.000,"",0.0000,0.0000,0,0,"","",0,"06",0.0000,0.0000,0,0.000,0.000,"",0,0.000,0,0,"","","",0.000,"","",0.000
"00000041","MASINA DE INSURUBAT CU IMPACT MAKITA DTW285Z","BUC",19.00,"Obiecte de inventar",0.000,"",0.0000,0.0000,0,0,"","",0,"06",0.0000,0.0000,0,0.000,0.000,"",0,0.000,0,0,"","","",0.000,"","",0.000
"00000042","ACUMULATOR MAKITA 632F15-1","BUC",19.00,"Obiecte de inventar",0.000,"",0.0000,0.0000,0,0,"","",0,"06",0.0000,0.0000,0,0.000,0.000,"",0,0.000,0,0,"","","",0.000,"","",0.000
"00000043","ACUMULATOR MAKITA 630718-5","BUC",19.00,"Obiecte de inventar",0.000,"",0.0000,0.0000,0,0,"","",0,"06",0.0000,0.0000,0,0.000,0.000,"",0,0.000,0,0,"","","",0.000,"","",0.000
"00000044","POLIZOR UNGHIULAR MAKITA DGA504RTE","BUC",19.00,"Obiecte de inventar",0.000,"",0.0000,0.0000,0,0,"","",0,"06",0.0000,0.0000,0,0.000,0.000,"",0,0.000,0,0,"","","",0.000,"","",0.000
"00000045","SAMSUNG SMART TV ULTRA HD 4K 138 CM","BUC",19.00,"Obiecte de inventar",0.000,"",0.0000,0.0000,0,0,"","",0,"06",0.0000,0.0000,0,0.000,0.000,"",0,0.000,0,0,"","","",0.000,"","",0.000
"00000046","GEACA COOL TREND  AE","BUC",19.00,"Obiecte de inventar",0.000,"",0.0000,0.0000,0,0,"","",0,"06",0.0000,0.0000,0,0.000,0.000,"",0,0.000,0,0,"","","",0.000,"","",0.000
"00000047","GEACA COOL TREND AE 58","BUC",19.00,"Obiecte de inventar",0.000,"",0.0000,0.0000,0,0,"","",0,"06",0.0000,0.0000,0,0.000,0.000,"",0,0.000,0,0,"","","",0.000,"","",0.000
"00000048","PANTALONI COOL TREND 48","BUC",19.00,"Obiecte de inventar",0.000,"",0.0000,0.0000,0,0,"","",0,"06",0.0000,0.0000,0,0.000,0.000,"",0,0.000,0,0,"","","",0.000,"","",0.000
"00000049","PANTALONI CLASIC AE/NGR/58","BUC",19.00,"Obiecte de inventar",0.000,"",0.0000,0.0000,0,0,"","",0,"06",0.0000,0.0000,0,0.000,0.000,"",0,0.000,0,0,"","","",0.000,"","",0.000
"00000050","BRETELE REF","BUC",19.00,"Obiecte de inventar",0.000,"",0.0000,0.0000,0,0,"","",0,"06",0.0000,0.0000,0,0.000,0.000,"",0,0.000,0,0,"","","",0.000,"","",0.000
"00000051","PANTOFI GRINDLOW S1P-45","BUC",19.00,"Obiecte de inventar",0.000,"",0.0000,0.0000,0,0,"","",0,"06",0.0000,0.0000,0,0.000,0.000,"",0,0.000,0,0,"","","",0.000,"","",0.000
"00000052","OCHELARI V9300","BUC",19.00,"Obiecte de inventar",0.000,"",0.0000,0.0000,0,0,"","",0,"06",0.0000,0.0000,0,0.000,0.000,"",0,0.000,0,0,"","","",0.000,"","",0.000
"00000053","CLESTE INSTALATOR","BUC",19.00,"Obiecte de inventar",0.000,"",0.0000,0.0000,0,0,"","",0,"06",0.0000,0.0000,0,0.000,0.000,"",0,0.000,0,0,"","","",0.000,"","",0.000
"00000054","DERULATOR 4 PRIZE","BUC",19.00,"Obiecte de inventar",0.000,"",0.0000,0.0000,0,0,"","",0,"06",0.0000,0.0000,0,0.000,0.000,"",0,0.000,0,0,"","","",0.000,"","",0.000
"00000055","CUTIE SCULE PRO MEDIUM","BUC",19.00,"Obiecte de inventar",0.000,"",0.0000,0.0000,0,0,"","",0,"06",0.0000,0.0000,0,0.000,0.000,"",0,0.000,0,0,"","","",0.000,"","",0.000
"00000056","CUTIE SCULE PRO MOBILE","BUC",19.00,"Obiecte de inventar",0.000,"",0.0000,0.0000,0,0,"","",0,"06",0.0000,0.0000,0,0.000,0.000,"",0,0.000,0,0,"","","",0.000,"","",0.000
"00000057","SCARA AL 2 TRONS","BUC",19.00,"Obiecte de inventar",0.000,"",0.0000,0.0000,0,0,"","",0,"06",0.0000,0.0000,0,0.000,0.000,"",0,0.000,0,0,"","","",0.000,"","",0.000
"00000058","AEROTERMA CERAMICA 2000W","BUC",19.00,"Obiecte de inventar",0.000,"",0.0000,0.0000,0,0,"","",0,"06",0.0000,0.0000,0,0.000,0.000,"",0,0.000,0,0,"","","",0.000,"","",0.000
"00000059","ROLA 100M","BUC",19.00,"Obiecte de inventar",0.000,"",0.0000,0.0000,0,0,"","",0,"06",0.0000,0.0000,0,0.000,0.000,"",0,0.000,0,0,"","","",0.000,"","",0.000
"00000060","ROLA 50M","BUC",19.00,"Obiecte de inventar",0.000,"",0.0000,0.0000,0,0,"","",0,"06",0.0000,0.0000,0,0.000,0.000,"",0,0.000,0,0,"","","",0.000,"","",0.000
"00000061","STANLEY INVERTOR PORTABIL MONOFAZAT","BUC",19.00,"Obiecte de inventar",0.000,"",0.0000,0.0000,0,0,"","",0,"06",0.0000,0.0000,0,0.000,0.000,"",0,0.000,0,0,"","","",0.000,"","",0.000
"00000062","SIRIUS NEGRU","BUC",19.00,"Obiecte de inventar",0.000,"",0.0000,0.0000,0,0,"","",0,"06",0.0000,0.0000,0,0.000,0.000,"",0,0.000,0,0,"","","",0.000,"","",0.000
"00000063","TEL SAMSUNG GALAXI A70","BUC",19.00,"Obiecte de inventar",0.000,"",0.0000,0.0000,0,0,"","",0,"06",0.0000,0.0000,0,0.000,0.000,"",0,0.000,0,0,"","","",0.000,"","",0.000
"00000064","TERMOMETRU ELECTRONIC ENERGY","BUC",19.00,"Obiecte de inventar",0.000,"",0.0000,0.0000,0,0,"","",0,"06",0.0000,0.0000,0,0.000,0.000,"",0,0.000,0,0,"","","",0.000,"","",0.000
"00000065","RANGE EXTENDER TP LINK RE200 DUAL","BUC",19.00,"Obiecte de inventar",0.000,"",0.0000,0.0000,0,0,"","",0,"06",0.0000,0.0000,0,0.000,0.000,"",0,0.000,0,0,"","","",0.000,"","",0.000
"00000066","LED TV 23.6'' HD SMART 24TL510S","BUC",19.00,"Obiecte de inventar",0.000,"",0.0000,0.0000,0,0,"","",0,"06",0.0000,0.0000,0,0.000,0.000,"",0,0.000,0,0,"","","",0.000,"","",0.000
"00000067","X ULTRA 3 MID GTX SARGASSO GHETE LUCRU","BUC",19.00,"Obiecte de inventar",0.000,"",0.0000,0.0000,0,0,"","",0,"06",0.0000,0.0000,0,0.000,0.000,"",0,0.000,0,0,"","","",0.000,"","",0.000
"00000068","VESTA SH100 X WARM","BUC",19.00,"Obiecte de inventar",0.000,"",0.0000,0.0000,0,0,"","",0,"06",0.0000,0.0000,0,0.000,0.000,"",0,0.000,0,0,"","","",0.000,"","",0.000
"00000069","JAKET SH100 X WARM","BUC",19.00,"Obiecte de inventar",0.000,"",0.0000,0.0000,0,0,"","",0,"06",0.0000,0.0000,0,0.000,0.000,"",0,0.000,0,0,"","","",0.000,"","",0.000
"00000070","INCALTAMINTE SH100 B","PER",19.00,"Obiecte de inventar",0.000,"",0.0000,0.0000,0,0,"","",0,"06",0.0000,0.0000,0,0.000,0.000,"",0,0.000,0,0,"","","",0.000,"","",0.000
"00000071","CAMERA SUPRAVEGHERE DEPOZIT","BUC",19.00,"Obiecte de inventar",0.000,"",0.0000,0.0000,0,0,"","",0,"06",0.0000,0.0000,0,0.000,0.000,"",0,0.000,0,0,"","","",0.000,"","",0.000
"00000072","APARAT AER COND.","BUC",19.00,"Obiecte de inventar",0.000,"",0.0000,0.0000,0,0,"","",0,"06",0.0000,0.0000,0,0.000,0.000,"",0,0.000,0,0,"","","",0.000,"","",0.000
"00000073","INSTALATIE HWAC","",19.00,"Servicii",0.000,"",0.0000,0.0000,0,0,"","",0,"20",0.0000,0.0000,0,0.000,0.000,"",0,0.000,0,0,"","","",0.000,"","",0.000
"00000074","LUCRARE INSTAL ELECTRO CIUFI","",19.00,"Servicii",0.000,"",0.0000,0.0000,0,0,"","",0,"20",0.0000,0.0000,0,0.000,0.000,"",0,0.000,0,0,"","","",0.000,"","",0.000
"00000075","JACHETA ARIC FRENCH  BLU A2","BUC",19.00,"Obiecte de inventar",0.000,"",0.0000,0.0000,0,0,"","",0,"06",0.0000,0.0000,0,0.000,0.000,"",0,0.000,0,0,"","","",0.000,"","",0.000
"00000076","DREPTAR AL 300CM","BUC",19.00,"Obiecte de inventar",0.000,"",0.0000,0.0000,0,0,"","",0,"06",0.0000,0.0000,0,0.000,0.000,"",0,0.000,0,0,"","","",0.000,"","",0.000
"00000077","SCARA AL 3X9","BUC",19.00,"Obiecte de inventar",0.000,"",0.0000,0.0000,0,0,"","",0,"06",0.0000,0.0000,0,0.000,0.000,"",0,0.000,0,0,"","","",0.000,"","",0.000
"00000078","BORMASINA SUPORT 3G","BUC",19.00,"Obiecte de inventar",0.000,"",0.0000,0.0000,0,0,"","",0,"06",0.0000,0.0000,0,0.000,0.000,"",0,0.000,0,0,"","","",0.000,"","",0.000
"00000079","COMPRESOR3G","BUC",19.00,"Obiecte de inventar",0.000,"",0.0000,0.0000,0,0,"","",0,"06",0.0000,0.0000,0,0.000,0.000,"",0,0.000,0,0,"","","",0.000,"","",0.000
"00000080","REDUCTOR AZOT","BUC",19.00,"Marfuri",0.000,"",0.0000,0.0000,0,0,"","",0,"01",0.0000,0.0000,0,0.000,0.000,"",0,0.000,0,0,"","","",0.000,"","",0.000
"00000081","PISCINA CADRU METALIC 400X211X81CM","BUC",19.00,"Obiecte de inventar",0.000,"",0.0000,0.0000,0,0,"","",0,"06",0.0000,0.0000,0,0.000,0.000,"",0,0.000,0,0,"","","",0.000,"","",0.000
"00000082","CONBINA FRIGORIFICA ZANUSSI","BUC",19.00,"Obiecte de inventar",0.000,"",0.0000,0.0000,0,0,"","",0,"06",0.0000,0.0000,0,0.000,0.000,"",0,0.000,0,0,"","","",0.000,"","",0.000
"00000083","CANTAR ELECTRONIC","BUC",19.00,"Obiecte de inventar",0.000,"",0.0000,0.0000,0,0,"","",0,"06",0.0000,0.0000,0,0.000,0.000,"",0,0.000,0,0,"","","",0.000,"","",0.000
"00000084","MAKITA CIOCAN ROTOPERCUTOR","BUC",19.00,"Obiecte de inventar",0.000,"",0.0000,0.0000,0,0,"","",0,"06",0.0000,0.0000,0,0.000,0.000,"",0,0.000,0,0,"","","",0.000,"","",0.000
"00000085","FRITEUZA TEFAL","BUC",19.00,"Obiecte de inventar",0.000,"",0.0000,0.0000,0,0,"","",0,"06",0.0000,0.0000,0,0.000,0.000,"",0,0.000,0,0,"","","",0.000,"","",0.000
"00000086","POMPA CU PISTON IDO DAMBAT PR 50","BUC",19.00,"Obiecte de inventar",0.000,"",0.0000,0.0000,0,0,"","",0,"06",0.0000,0.0000,0,0.000,0.000,"",0,0.000,0,0,"","","",0.000,"","",0.000
"00000087","MONOMETRU RF 100","BUC",19.00,"Obiecte de inventar",0.000,"",0.0000,0.0000,0,0,"","",0,"06",0.0000,0.0000,0,0.000,0.000,"",0,0.000,0,0,"","","",0.000,"","",0.000
"00000088","ANCORA INGROPATA HKD M8X40","BUC",19.00,"Obiecte de inventar",0.000,"",0.0000,0.0000,0,0,"","",0,"06",0.0000,0.0000,0,0.000,0.000,"",0,0.000,0,0,"","","",0.000,"","",0.000
"00000089","ANCORA INGROPATA HKD M10X40","BUC",19.00,"Obiecte de inventar",0.000,"",0.0000,0.0000,0,0,"","",0,"06",0.0000,0.0000,0,0.000,0.000,"",0,0.000,0,0,"","","",0.000,"","",0.000
"00000090","GENERATOR DE AER","BUC",19.00,"Obiecte de inventar",0.000,"",0.0000,0.0000,0,0,"","",0,"06",0.0000,0.0000,0,0.000,0.000,"",0,0.000,0,0,"","","",0.000,"","",0.000
"00000091","INCARCATOR BATERIE AUTO","BUC",19.00,"Obiecte de inventar",0.000,"",0.0000,0.0000,0,0,"","",0,"06",0.0000,0.0000,0,0.000,0.000,"",0,0.000,0,0,"","","",0.000,"","",0.000
"00000092","REGULATOR DE PRESIUNE","BUC",19.00,"Obiecte de inventar",0.000,"",0.0000,0.0000,0,0,"","",0,"06",0.0000,0.0000,0,0.000,0.000,"",0,0.000,0,0,"","","",0.000,"","",0.000
"00000093","APARAT DE INCALZIRE","BUC",19.00,"Obiecte de inventar",0.000,"",0.0000,0.0000,0,0,"","",0,"06",0.0000,0.0000,0,0.000,0.000,"",0,0.000,0,0,"","","",0.000,"","",0.000
"00000094","PAVILION 3X6M","BUC",19.00,"Obiecte de inventar",0.000,"",0.0000,0.0000,0,0,"","",0,"06",0.0000,0.0000,0,0.000,0.000,"",0,0.000,0,0,"","","",0.000,"","",0.000
"00000096","BUTELIE AZOT","BUC",19.00,"Alte mat. consumabile",0.000,"",0.0000,0.0000,0,0,"","",0,"16",0.0000,0.0000,0,0.000,0.000,"",0,0.000,0,0,"","","",0.000,"","",0.000
"00000097","REDUCTOR AZ MATERIAL","BUC",19.00,"Alte mat. consumabile",0.000,"",0.0000,0.0000,0,0,"","",0,"16",0.0000,0.0000,0,0.000,0.000,"",0,0.000,0,0,"","","",0.000,"","",0.000
"00000098","LUCRARE MUSAI FOOD","BUC",19.00,"Servicii",0.000,"",0.0000,0.0000,0,0,"","",0,"20",0.0000,0.0000,0,0.000,0.000,"",0,0.000,0,0,"","","",0.000,"","",0.000
"00000099","LUCRARE PARAMOUNT INVESTMENT","BUC",19.00,"Servicii",0.000,"",0.0000,0.0000,0,0,"","",0,"20",0.0000,0.0000,0,0.000,0.000,"",0,0.000,0,0,"","","",0.000,"","",0.000
"00000100","CAMERA AUTO TRACER RVIEW S1 WIRELESS","BUC",19.00,"Obiecte de inventar",0.000,"",0.0000,0.0000,0,0,"","",0,"06",0.0000,0.0000,0,0.000,0.000,"",0,0.000,0,0,"","","",0.000,"","",0.000
"00000101","MKITA MASINA DDF484Z","BUC",19.00,"Obiecte de inventar",0.000,"",0.0000,0.0000,0,0,"","",0,"06",0.0000,0.0000,0,0.000,0.000,"",0,0.000,0,0,"","","",0.000,"","",0.000
"00000102","POLIZOR BANC","BUC",19.00,"Obiecte de inventar",0.000,"",0.0000,0.0000,0,0,"","",0,"06",0.0000,0.0000,0,0.000,0.000,"",0,0.000,0,0,"","","",0.000,"","",0.000
"00000103","PLATFORMA DESIS CW M 50X60 150/300KG","BUC",19.00,"Obiecte de inventar",0.000,"",0.0000,0.0000,0,0,"","",0,"06",0.0000,0.0000,0,0.000,0.000,"",0,0.000,0,0,"","","",0.000,"","",0.000
"00000104","ASPIRATOR KARCHER","BUC",19.00,"Obiecte de inventar",0.000,"",0.0000,0.0000,0,0,"","",0,"06",0.0000,0.0000,0,0.000,0.000,"",0,0.000,0,0,"","","",0.000,"","",0.000
"00000105","PRAJITOR PAINE  PRJHD265090","BUC",19.00,"Obiecte de inventar",0.000,"",0.0000,0.0000,0,0,"","",0,"06",0.0000,0.0000,0,0.000,0.000,"",0,0.000,0,0,"","","",0.000,"","",0.000
"00000106","ASPIRATOR DE MANA 21.6V","BUC",19.00,"Obiecte de inventar",0.000,"",0.0000,0.0000,0,0,"","",0,"06",0.0000,0.0000,0,0.000,0.000,"",0,0.000,0,0,"","","",0.000,"","",0.000
"00000107","CIOCAN ROTORPERCUTIR BOSCH GBH 2-26 DFR","BUC",19.00,"Obiecte de inventar",0.000,"",0.0000,0.0000,0,0,"","",0,"06",0.0000,0.0000,0,0.000,0.000,"",0,0.000,0,0,"","","",0.000,"","",0.000
"00000108","TRUSA AUTO","BUC",19.00,"Obiecte de inventar",0.000,"",0.0000,0.0000,0,0,"","",0,"06",0.0000,0.0000,0,0.000,0.000,"",0,0.000,0,0,"","","",0.000,"","",0.000
"00000109","VESTA FLUORESCENTA","BUC",19.00,"Obiecte de inventar",0.000,"",0.0000,0.0000,0,0,"","",0,"06",0.0000,0.0000,0,0.000,0.000,"",0,0.000,0,0,"","","",0.000,"","",0.000
"00000110","TRUSA CHEI TUB IMPACT","BUC",19.00,"Obiecte de inventar",0.000,"",0.0000,0.0000,0,0,"","",0,"06",0.0000,0.0000,0,0.000,0.000,"",0,0.000,0,0,"","","",0.000,"","",0.000
"00000111","SCARA  AL 6 TREPTE","BUC",19.00,"Obiecte de inventar",0.000,"",0.0000,0.0000,0,0,"","",0,"06",0.0000,0.0000,0,0.000,0.000,"",0,0.000,0,0,"","","",0.000,"","",0.000
"00000112","SCARA  AL 2 TRONSOANE","BUC",19.00,"Obiecte de inventar",0.000,"",0.0000,0.0000,0,0,"","",0,"06",0.0000,0.0000,0,0.000,0.000,"",0,0.000,0,0,"","","",0.000,"","",0.000
"00000113","MASINA GAURIT DF333DZ","BUC",19.00,"Obiecte de inventar",0.000,"",0.0000,0.0000,0,0,"","",0,"06",0.0000,0.0000,0,0.000,0.000,"",0,0.000,0,0,"","","",0.000,"","",0.000
"00000114","ERB PROIE REIN CU TREPIED","BUC",19.00,"Obiecte de inventar",0.000,"",0.0000,0.0000,0,0,"","",0,"06",0.0000,0.0000,0,0.000,0.000,"",0,0.000,0,0,"","","",0.000,"","",0.000
"00000115","SCARA  AL 7 TREPTE","BUC",19.00,"Obiecte de inventar",0.000,"",0.0000,0.0000,0,0,"","",0,"06",0.0000,0.0000,0,0.000,0.000,"",0,0.000,0,0,"","","",0.000,"","",0.000
"00000116","SCARA  AL 3X9","BUC",19.00,"Obiecte de inventar",0.000,"",0.0000,0.0000,0,0,"","",0,"06",0.0000,0.0000,0,0.000,0.000,"",0,0.000,0,0,"","","",0.000,"","",0.000
"00000117","ZANUSSI CUPTOR","BUC",19.00,"Obiecte de inventar",0.000,"",0.0000,0.0000,0,0,"","",0,"06",0.0000,0.0000,0,0.000,0.000,"",0,0.000,0,0,"","","",0.000,"","",0.000
"00000118","HARD DISK 1TB","BUC",19.00,"Obiecte de inventar",0.000,"",0.0000,0.0000,0,0,"","",0,"06",0.0000,0.0000,0,0.000,0.000,"",0,0.000,0,0,"","","",0.000,"","",0.000
"00000119","BOILER ELECTRIC TR2000T","BUC",19.00,"Obiecte de inventar",0.000,"",0.0000,0.0000,0,0,"","",0,"06",0.0000,0.0000,0,0.000,0.000,"",0,0.000,0,0,"","","",0.000,"","",0.000
"00000120"," TERMOMETRU CU INFRAROSU","BUC",19.00,"Obiecte de inventar",0.000,"",0.0000,0.0000,0,0,"","",0,"06",0.0000,0.0000,0,0.000,0.000,"",0,0.000,0,0,"","","",0.000,"","",0.000
"00000121","SISTEM COMUNICATII SENA","BUC",19.00,"Obiecte de inventar",0.000,"",0.0000,0.0000,0,0,"","",0,"06",0.0000,0.0000,0,0.000,0.000,"",0,0.000,0,0,"","","",0.000,"","",0.000
"00000122","MASINA DE SPALAT  CLASA C 8KG","BUC",19.00,"Obiecte de inventar",0.000,"",0.0000,0.0000,0,0,"","",0,"06",0.0000,0.0000,0,0.000,0.000,"",0,0.000,0,0,"","","",0.000,"","",0.000
"00000123","OMASINA DE SPALAT CLASA A 9 KG","BUC",19.00,"Obiecte de inventar",0.000,"",0.0000,0.0000,0,0,"","",0,"06",0.0000,0.0000,0,0.000,0.000,"",0,0.000,0,0,"","","",0.000,"","",0.000
"00000124","RUCSAC ALPINESTARS","BUC",19.00,"Obiecte de inventar",0.000,"",0.0000,0.0000,0,0,"","",0,"06",0.0000,0.0000,0,0.000,0.000,"",0,0.000,0,0,"","","",0.000,"","",0.000
"00000125","SAMSUNG GALAXI NOTE 20","BUC",19.00,"Obiecte de inventar",0.000,"",0.0000,0.0000,0,0,"","",0,"06",0.0000,0.0000,0,0.000,0.000,"",0,0.000,0,0,"","","",0.000,"","",0.000
"00000126","BETONIERA 900W","BUC",19.00,"Obiecte de inventar",0.000,"",0.0000,0.0000,0,0,"","",0,"06",0.0000,0.0000,0,0.000,0.000,"",0,0.000,0,0,"","","",0.000,"","",0.000
"00000127","TABLETA LENOVO","BUC",19.00,"Obiecte de inventar",0.000,"",0.0000,0.0000,0,0,"","",0,"06",0.0000,0.0000,0,0.000,0.000,"",0,0.000,0,0,"","","",0.000,"","",0.000
"00000128","BOSCH POLIZOR GWS 18V-10","BUC",19.00,"Obiecte de inventar",0.000,"",0.0000,0.0000,0,0,"","",0,"06",0.0000,0.0000,0,0.000,0.000,"",0,0.000,0,0,"","","",0.000,"","",0.000
"00000129","CAUCIUC 235/65-R16 ANV","BUC",19.00,"Obiecte de inventar",0.000,"",0.0000,0.0000,0,0,"","",0,"06",0.0000,0.0000,0,0.000,0.000,"",0,0.000,0,0,"","","",0.000,"","",0.000
"00000130","TABLOU IMPRIMAT PE STICLA SECURIZATA DORADA","BUC",19.00,"Obiecte de inventar",0.000,"",0.0000,0.0000,0,0,"","",0,"06",0.0000,0.0000,0,0.000,0.000,"",0,0.000,0,0,"","","",0.000,"","",0.000
"00000131","TAMBUR LEXMAN 30M","BUC",19.00,"Obiecte de inventar",0.000,"",0.0000,0.0000,0,0,"","",0,"06",0.0000,0.0000,0,0.000,0.000,"",0,0.000,0,0,"","","",0.000,"","",0.000
"00000132","SCARA AL TRONS ECO 3X9","BUC",19.00,"Obiecte de inventar",0.000,"",0.0000,0.0000,0,0,"","",0,"06",0.0000,0.0000,0,0.000,0.000,"",0,0.000,0,0,"","","",0.000,"","",0.000
"00000133","LAPTOP ASUS VIVOBOOK PRO 15 OLED M3500QC","BUC",19.00,"Obiecte de inventar",0.000,"",0.0000,0.0000,0,0,"","",0,"06",0.0000,0.0000,0,0.000,0.000,"",0,0.000,0,0,"","","",0.000,"","",0.000
"00000134","CORP INF 2 SERTARE 1USA","BUC",19.00,"Obiecte de inventar",0.000,"",0.0000,0.0000,0,0,"","",0,"06",0.0000,0.0000,0,0.000,0.000,"",0,0.000,0,0,"","","",0.000,"","",0.000
"00000135","CORP INF 1 USA 30","BUC",19.00,"Obiecte de inventar",0.000,"",0.0000,0.0000,0,0,"","",0,"06",0.0000,0.0000,0,0.000,0.000,"",0,0.000,0,0,"","","",0.000,"","",0.000
"00000136","CORP INF CUPTOR 60","BUC",19.00,"Obiecte de inventar",0.000,"",0.0000,0.0000,0,0,"","",0,"06",0.0000,0.0000,0,0.000,0.000,"",0,0.000,0,0,"","","",0.000,"","",0.000
"00000137","CORP SUP COLT 60","BUC",19.00,"Obiecte de inventar",0.000,"",0.0000,0.0000,0,0,"","",0,"06",0.0000,0.0000,0,0.000,0.000,"",0,0.000,0,0,"","","",0.000,"","",0.000
"00000138","CORP INF 100","BUC",19.00,"Obiecte de inventar",0.000,"",0.0000,0.0000,0,0,"","",0,"06",0.0000,0.0000,0,0.000,0.000,"",0,0.000,0,0,"","","",0.000,"","",0.000
"00000139","CORP SUP 60","BUC",19.00,"Obiecte de inventar",0.000,"",0.0000,0.0000,0,0,"","",0,"06",0.0000,0.0000,0,0.000,0.000,"",0,0.000,0,0,"","","",0.000,"","",0.000
"00000140","CORP SU P HOTA","BUC",19.00,"Obiecte de inventar",0.000,"",0.0000,0.0000,0,0,"","",0,"06",0.0000,0.0000,0,0.000,0.000,"",0,0.000,0,0,"","","",0.000,"","",0.000
"00000141","CORP SUP 40","BUC",19.00,"Obiecte de inventar",0.000,"",0.0000,0.0000,0,0,"","",0,"06",0.0000,0.0000,0,0.000,0.000,"",0,0.000,0,0,"","","",0.000,"","",0.000
"00000142","SET WC LAT ROMA","BUC",19.00,"Obiecte de inventar",0.000,"",0.0000,0.0000,0,0,"","",0,"06",0.0000,0.0000,0,0.000,0.000,"",0,0.000,0,0,"","","",0.000,"","",0.000
"00000143","ESPRESSOR AUTOMAT PHILIPS SERIA 2200","BUC",19.00,"Obiecte de inventar",0.000,"",0.0000,0.0000,0,0,"","",0,"06",0.0000,0.0000,0,0.000,0.000,"",0,0.000,0,0,"","","",0.000,"","",0.000
"00000144","VENTS BATERIE DE INCALZIRE ELECTRICA","BUC",19.00,"Obiecte de inventar",0.000,"",0.0000,0.0000,0,0,"","",0,"06",0.0000,0.0000,0,0.000,0.000,"",0,0.000,0,0,"","","",0.000,"","",0.000
"00000145","SMARTWATCH SAMSUNG GALAXI","BUC",19.00,"Obiecte de inventar",0.000,"",0.0000,0.0000,0,0,"","",0,"06",0.0000,0.0000,0,0.000,0.000,"",0,0.000,0,0,"","","",0.000,"","",0.000
"00000146","COMPRESOR DIGITAL PROFI","BUC",19.00,"Obiecte de inventar",0.000,"",0.0000,0.0000,0,0,"","",0,"06",0.0000,0.0000,0,0.000,0.000,"",0,0.000,0,0,"","","",0.000,"","",0.000
"00000147","POMPA CONDENS 1LS 50HZ","BUC",19.00,"Obiecte de inventar",0.000,"",0.0000,0.0000,0,0,"","",0,"06",0.0000,0.0000,0,0.000,0.000,"",0,0.000,0,0,"","","",0.000,"","",0.000
"00000148","THULE KIT WINGBAR","BUC",19.00,"Obiecte de inventar",0.000,"",0.0000,0.0000,0,0,"","",0,"06",0.0000,0.0000,0,0.000,0.000,"",0,0.000,0,0,"","","",0.000,"","",0.000
"00000149","POLIZOR UNGHIULAR BOSCH","BUC",19.00,"Obiecte de inventar",0.000,"",0.0000,0.0000,0,0,"","",0,"06",0.0000,0.0000,0,0.000,0.000,"",0,0.000,0,0,"","","",0.000,"","",0.000
"00000150","NIVELA LASER UNIVERSALLE","BUC",19.00,"Obiecte de inventar",0.000,"",0.0000,0.0000,0,0,"","",0,"06",0.0000,0.0000,0,0.000,0.000,"",0,0.000,0,0,"","","",0.000,"","",0.000
"00000151","CLEE TM TE PERFORARE TABLA","BUC",19.00,"Obiecte de inventar",0.000,"",0.0000,0.0000,0,0,"","",0,"06",0.0000,0.0000,0,0.000,0.000,"",0,0.000,0,0,"","","",0.000,"","",0.000
"00000152","MAKITA CIOCAN ROTOP DHR243Z","BUC",19.00,"Obiecte de inventar",0.000,"",0.0000,0.0000,0,0,"","",0,"06",0.0000,0.0000,0,0.000,0.000,"",0,0.000,0,0,"","","",0.000,"","",0.000
"00000153","BOSCH INCARCATOR GAL 18V-40","BUC",19.00,"Obiecte de inventar",0.000,"",0.0000,0.0000,0,0,"","",0,"06",0.0000,0.0000,0,0.000,0.000,"",0,0.000,0,0,"","","",0.000,"","",0.000
"00000154","ACUMULATORBL1850B LI-ION","BUC",19.00,"Obiecte de inventar",0.000,"",0.0000,0.0000,0,0,"","",0,"06",0.0000,0.0000,0,0.000,0.000,"",0,0.000,0,0,"","","",0.000,"","",0.000
"00000155","SG906PRO2","BUC",19.00,"Obiecte de inventar",0.000,"",0.0000,0.0000,0,0,"","",0,"06",0.0000,0.0000,0,0.000,0.000,"",0,0.000,0,0,"","","",0.000,"","",0.000
"00000156","SAMSUNG GALAXI A53","BUC",19.00,"Obiecte de inventar",0.000,"",0.0000,0.0000,0,0,"","",0,"06",0.0000,0.0000,0,0.000,0.000,"",0,0.000,0,0,"","","",0.000,"","",0.000
"00000157","SCURTA SOFTSHELL NORIAS","BUC",19.00,"Obiecte de inventar",0.000,"",0.0000,0.0000,0,0,"","",0,"06",0.0000,0.0000,0,0.000,0.000,"",0,0.000,0,0,"","","",0.000,"","",0.000
"00000158","PANTALON RICHARD","BUC",19.00,"Obiecte de inventar",0.000,"",0.0000,0.0000,0,0,"","",0,"06",0.0000,0.0000,0,0.000,0.000,"",0,0.000,0,0,"","","",0.000,"","",0.000
"00000159","JACHETA RICHARD","BUC",19.00,"Obiecte de inventar",0.000,"",0.0000,0.0000,0,0,"","",0,"06",0.0000,0.0000,0,0.000,0.000,"",0,0.000,0,0,"","","",0.000,"","",0.000
"00000160","MANUSI LITECUT","BUC",19.00,"Obiecte de inventar",0.000,"",0.0000,0.0000,0,0,"","",0,"06",0.0000,0.0000,0,0.000,0.000,"",0,0.000,0,0,"","","",0.000,"","",0.000
"00000161","PANTOIF BROWN LAND","BUC",19.00,"Obiecte de inventar",0.000,"",0.0000,0.0000,0,0,"","",0,"06",0.0000,0.0000,0,0.000,0.000,"",0,0.000,0,0,"","","",0.000,"","",0.000
"00000162","ANVELOPE 235/65/16","BUC",19.00,"Obiecte de inventar",0.000,"",0.0000,0.0000,0,0,"","",0,"06",0.0000,0.0000,0,0.000,0.000,"",0,0.000,0,0,"","","",0.000,"","",0.000
"00000163","SSET SCUL MAKITA MASINA GAURIT SI MASINA INSURUBAT","BUC",19.00,"Obiecte de inventar",0.000,"",0.0000,0.0000,0,0,"","",0,"06",0.0000,0.0000,0,0.000,0.000,"",0,0.000,0,0,"","","",0.000,"","",0.000
"00000164","ADAPTOR BI/BR/BS","BUC",19.00,"Obiecte de inventar",0.000,"",0.0000,0.0000,0,0,"","",0,"06",0.0000,0.0000,0,0.000,0.000,"",0,0.000,0,0,"","","",0.000,"","",0.000
"00000165","SCARA AL 2 TRONSOANE","BUC",19.00,"Obiecte de inventar",0.000,"",0.0000,0.0000,0,0,"","",0,"06",0.0000,0.0000,0,0.000,0.000,"",0,0.000,0,0,"","","",0.000,"","",0.000
"00000166","CAROTA DIAMANTATA PT BETON 127X540","BUC",19.00,"Obiecte de inventar",0.000,"",0.0000,0.0000,0,0,"","",0,"06",0.0000,0.0000,0,0.000,0.000,"",0,0.000,0,0,"","","",0.000,"","",0.000
"00000168","DO WMS 100 MPS","BUC",19.00,"Obiecte de inventar",0.000,"",0.0000,0.0000,0,0,"","",0,"06",0.0000,0.0000,0,0.000,0.000,"",0,0.000,0,0,"","","",0.000,"","",0.000
"00000169","NIVELA GLL 3-80","BUC",19.00,"Obiecte de inventar",0.000,"",0.0000,0.0000,0,0,"","",0,"06",0.0000,0.0000,0,0.000,0.000,"",0,0.000,0,0,"","","",0.000,"","",0.000
"00000170","ROLA 100M CYY F 3X2.5","BUC",19.00,"Obiecte de inventar",0.000,"",0.0000,0.0000,0,0,"","",0,"06",0.0000,0.0000,0,0.000,0.000,"",0,0.000,0,0,"","","",0.000,"","",0.000
"00000171","MULTIFUNCTIONAL BROTHER MFC- L5750DW","BUC",19.00,"Obiecte de inventar",0.000,"",0.0000,0.0000,0,0,"","",0,"06",0.0000,0.0000,0,0.000,0.000,"",0,0.000,0,0,"","","",0.000,"","",0.000
"00000172","MULTIFUNCTIONAL LASE MONOCRON","BUC",19.00,"Obiecte de inventar",0.000,"",0.0000,0.0000,0,0,"","",0,"06",0.0000,0.0000,0,0.000,0.000,"",0,0.000,0,0,"","","",0.000,"","",0.000
"00000173","STATIE METEO 5 FUNCTII","BUC",19.00,"Obiecte de inventar",0.000,"",0.0000,0.0000,0,0,"","",0,"06",0.0000,0.0000,0,0.000,0.000,"",0,0.000,0,0,"","","",0.000,"","",0.000
"00000174","CONVECTOR ELECTRIC","BUC",19.00,"Obiecte de inventar",0.000,"",0.0000,0.0000,0,0,"","",0,"06",0.0000,0.0000,0,0.000,0.000,"",0,0.000,0,0,"","","",0.000,"","",0.000
"00000175","GREE PULSAR GWH09AGA-K6DNA1A","BUC",19.00,"Obiecte de inventar",0.000,"",0.0000,0.0000,0,0,"","",0,"06",0.0000,0.0000,0,0.000,0.000,"",0,0.000,0,0,"","","",0.000,"","",0.000
"00000176","BREAD OF THE WORLD PF611838","BUC",19.00,"Obiecte de inventar",0.000,"",0.0000,0.0000,0,0,"","",0,"06",0.0000,0.0000,0,0.000,0.000,"",0,0.000,0,0,"","","",0.000,"","",0.000
"00000177","LAMPA FARA ACUMULATORI BOSCH","BUC",19.00,"Obiecte de inventar",0.000,"",0.0000,0.0000,0,0,"","",0,"06",0.0000,0.0000,0,0.000,0.000,"",0,0.000,0,0,"","","",0.000,"","",0.000
"00000178","ASPIRATOR FARA ACUMULATORI BOSCH","BUC",19.00,"Obiecte de inventar",0.000,"",0.0000,0.0000,0,0,"","",0,"06",0.0000,0.0000,0,0.000,0.000,"",0,0.000,0,0,"","","",0.000,"","",0.000
"00000179","ACUMULATORI LI- ION 18V 4AH","BUC",19.00,"Obiecte de inventar",0.000,"",0.0000,0.0000,0,0,"","",0,"06",0.0000,0.0000,0,0.000,0.000,"",0,0.000,0,0,"","","",0.000,"","",0.000
"00000180","ACUMULATORI LI- ION 18V 8","BUC",19.00,"Obiecte de inventar",0.000,"",0.0000,0.0000,0,0,"","",0,"06",0.0000,0.0000,0,0.000,0.000,"",0,0.000,0,0,"","","",0.000,"","",0.000
"00000181","RADIO GPB 18V - 5C","BUC",19.00,"Obiecte de inventar",0.000,"",0.0000,0.0000,0,0,"","",0,"06",0.0000,0.0000,0,0.000,0.000,"",0,0.000,0,0,"","","",0.000,"","",0.000
"00000182","FERASRU PENDULAR BOSCH GST 18V -LI","BUC",19.00,"Obiecte de inventar",0.000,"",0.0000,0.0000,0,0,"","",0,"06",0.0000,0.0000,0,0.000,0.000,"",0,0.000,0,0,"","","",0.000,"","",0.000
"00000183","ANCORA INGROPATA HKD MBX30","BUC",19.00,"Obiecte de inventar",0.000,"",0.0000,0.0000,0,0,"","",0,"06",0.0000,0.0000,0,0.000,0.000,"",0,0.000,0,0,"","","",0.000,"","",0.000
"00000184","ACUMULATOR B22/800AH","BUC",19.00,"Obiecte de inventar",0.000,"",0.0000,0.0000,0,0,"","",0,"06",0.0000,0.0000,0,0.000,0.000,"",0,0.000,0,0,"","","",0.000,"","",0.000
"00000185","ACUMULATOR MAKITA 197280","BUC",19.00,"Obiecte de inventar",0.000,"",0.0000,0.0000,0,0,"","",0,"06",0.0000,0.0000,0,0.000,0.000,"",0,0.000,0,0,"","","",0.000,"","",0.000
"00000186","RUC SERIA 3260445","BUC",19.00,"Obiecte de inventar",0.000,"",0.0000,0.0000,0,0,"","",0,"06",0.0000,0.0000,0,0.000,0.000,"",0,0.000,0,0,"","","",0.000,"","",0.000
"00000187","ASPIRATOR MULTIFUNCTIONAL KARCHER KWD3","BUC",19.00,"Obiecte de inventar",0.000,"",0.0000,0.0000,0,0,"","",0,"06",0.0000,0.0000,0,0.000,0.000,"",0,0.000,0,0,"","","",0.000,"","",0.000
"00000188","ANV.235/65-16 C HANKOOK VANTRA LT","BUC",19.00,"Obiecte de inventar",0.000,"",0.0000,0.0000,0,0,"","",0,"06",0.0000,0.0000,0,0.000,0.000,"",0,0.000,0,0,"","","",0.000,"","",0.000
"00000189","2953521 107Y MICHELIN PILOT SPORT 4 SUV XL C A 74","BUC",19.00,"Obiecte de inventar",0.000,"",0.0000,0.0000,0,0,"","",0,"06",0.0000,0.0000,0,0.000,0.000,"",0,0.000,0,0,"","","",0.000,"","",0.000
"00000190","2055516 91V NOKIAN SEASONPROOF 1 C B 72","BUC",19.00,"Obiecte de inventar",0.000,"",0.0000,0.0000,0,0,"","",0,"06",0.0000,0.0000,0,0.000,0.000,"",0,0.000,0,0,"","","",0.000,"","",0.000
"00000191","1074624 - MASINA INSURUBAT IMPACT GDX18V-200 SOLO","BUC",19.00,"Obiecte de inventar",0.000,"",0.0000,0.0000,0,0,"","",0,"06",0.0000,0.0000,0,0.000,0.000,"",0,0.000,0,0,"","","",0.000,"","",0.000
"00000192","SCARA ALU. 3 TRONS. 3X9","BUC",19.00,"Obiecte de inventar",0.000,"",0.0000,0.0000,0,0,"","",0,"06",0.0000,0.0000,0,0.000,0.000,"",0,0.000,0,0,"","","",0.000,"","",0.000
"00000193"," MASINA INSUR CU IMP 1/2" 330NM FARA ACUM","BUC",19.00,"Obiecte de inventar",0.000,"",0.0000,0.0000,0,0,"","",0,"06",0.0000,0.0000,0,0.000,0.000,"",0,0.000,0,0,"","","",0.000,"","",0.000
"00000194","BOSCH TELEMETRU CU LASER GLM 50-27 C PRO","BUC",19.00,"Obiecte de inventar",0.000,"",0.0000,0.0000,0,0,"","",0,"06",0.0000,0.0000,0,0.000,0.000,"",0,0.000,0,0,"","","",0.000,"","",0.000
"00000195","APLICA PERETE MODERNA AURIE CU GLOB DIN STICLA ITALUX ROSARI","BUC",19.00,"Obiecte de inventar",0.000,"",0.0000,0.0000,0,0,"","",0,"06",0.0000,0.0000,0,0.000,0.000,"",0,0.000,0,0,"","","",0.000,"","",0.000
"00000196","ANVELOPE IARNA GRIPMAX STATURE M-S 295/35 R21 107 V XL C-C-B","BUC4",19.00,"Obiecte de inventar",0.000,"",0.0000,0.0000,0,0,"","",0,"06",0.0000,0.0000,0,0.000,0.000,"",0,0.000,0,0,"","","",0.000,"","",0.000
"00000197"," BOILER ELECTRIC CHX 15 EU","BUC",19.00,"Obiecte de inventar",0.000,"",0.0000,0.0000,0,0,"","",0,"06",0.0000,0.0000,0,0.000,0.000,"",0,0.000,0,0,"","","",0.000,"","",0.000
"00000198"," KIT MASCA BAIE START 550+LAVOAR+OGLINDA","BUC",19.00,"Obiecte de inventar",0.000,"",0.0000,0.0000,0,0,"","",0,"06",0.0000,0.0000,0,0.000,0.000,"",0,0.000,0,0,"","","",0.000,"","",0.000
"00000199","BATERIE DECO LAVOAR BDC2 FERRO","BUC",19.00,"Obiecte de inventar",0.000,"",0.0000,0.0000,0,0,"","",0,"06",0.0000,0.0000,0,0.000,0.000,"",0,0.000,0,0,"","","",0.000,"","",0.000
"00000200","CAMERA DE SUPRAVEGHERE WIFI EXTERIOR 4K 8MP (4MP+4MP), ZOOM","BUC",21.00,"Obiecte de inventar",0.000,"",0.0000,0.0000,0,0,"","",0,"06",0.0000,0.0000,0,0.000,0.000,"",0,0.000,0,0,"","","",0.000,"","",0.000
