cod,denumire,cod_fiscal,analitic,tara,judet,localitate,adresa,cont_banca,banca,tel,email,grupa,reg_com,den_agent
"00001","ITALIAN VINTAGE S.R.L.","RO29025275","401.00001","RO","B","","MUNICIPIUL BUCURESTI, SECTOR 4, STR. REZONANTEI, NR.1-3, CAM.1, BL.15-16, SC.B, ET.3, AP.26","","","0721253136","","","J40/10227/2011",""
"00002","DEDEMAN SRL","RO2816464","401.00002","RO","BC","","JUD. BACAU, MUN. BACAU, STR. ALEXEI TOLSTOI, NR.8","","","400234573330","","","J04/2621/1992",""
"00003","DIRECTIA GENERALA REGIONALA A FINANTELOR PUBLICE BUCURESTI","4193117","401.00003","RO","B","","MUNICIPIUL BUCURESTI, SECTOR 2, STR. DIMITRIE D. GEROTA, NR.13","","","3057098","","","-/-/-",""
"00004","ROMANIA HYPERMARCHE SA","RO14374293","401.00004","RO","B","","MUNICIPIUL BUCURESTI, SECTOR 3, SOS. DUDESTI-PANTELIMON, NR.73-75, BL.INCINTA CORA PANTELIMON, AP.SP","","","0213000770","","","J40/38/2002",""
"00005","LEROY MERLIN ROMANIA SRL","RO16702141","401.00005","RO","B","","MUNICIPIUL BUCURESTI, SECTOR 2, STR. ICOANEI, NR.11-13, ET.2,3 SI 4","","","0213125888","","","J40/13616/2004",""
"00006","ALTEX ROMANIA SRL","RO2864518","401.00006","RO","B","","JUD. ILFOV, ORS. VOLUNTARI, SOS. BUCURESTI NORD, NR.10, CLADIREA GLOBAL CITY BUSINESS PARK, CORPUL O","","","0233210671","","","J23/2611/2016",""
"00007","ATCA SOLUTIONS S.R.L.","RO35328710","401.00007","RO","B","BUCURESTI SECTOR 4 "},"ADRESA_DOMICILIU_FISCAL","SOS. OLTENITEI, NR. 133 ,CAMERA 1","","","0743153701","","","J2015015223409",""
"00008","BRICOSTORE ROMANIA SA","RO14328360","401.00008","RO","B","","MUNICIPIUL BUCURESTI, SECTOR 6, CALEA GIULESTI (CENTRUL COM. BRICOSTORE), NR.1-3, ET.2","","","02140444111","","","J40/9990/2001",""
"00009","HORNBACH CENTRALA SRL","RO17777320","401.00009","RO","IF","","JUD. ILFOV, SAT DOMNESTI COM. DOMNESTI, STR. HORNBACH, NR.17-21","","","0212061574","","","J23/699/2010",""
"00010","CARREFOUR ROMANIA SA","RO11588780","401.00010","RO","B","","MUNICIPIUL BUCURESTI, SECTOR 2, STR. GARA HERASTRAU, NR.4C, BL.GREEN COURT BUCHAREST,CLAD B, ET.4-7","","","0212067423","","","J40/7766/2007",""
"00011","VIALLY COM IMPEX SRL","RO8564269","401.00011","RO","B","","MUNICIPIUL BUCURESTI, SECTOR 3, CALEA DUDESTI, NR.145","","","0213268781","","","J40/4893/1996",""
"00012","SOCIETATE PROFESIONALA NOTARIALA SILVIA BARLADEANU SI ALEXANDRU","RO19335120","401.00012","RO","B","","MUNICIPIUL BUCURESTI, SECTOR 4, SOS. OLTENITEI, NR.220, BL.8, SC.B, AP.56","","","3323185","","","-/-/-",""
"00013","TESTO ROM SRL","RO29374402","401.00013","RO","CJ","","JUD. CLUJ, MUN. CLUJ-NAPOCA, CAL. TURZII, NR.247","","","0730973794","","","J12/2890/2011",""
"00014","URGENT CARGUS S.A.","RO3541906","401.00014","RO","IF","","JUD. ILFOV, ORS. MAGURELE, SOS. ATOMISTILOR, NR.99-115, BL.CORP C1","","","0740408014","","","J23/344/2013",""
"00015","VOENDBERT COM SRL","RO16746555","401.00015","RO","B","","MUNICIPIUL BUCURESTI, SECTOR 4, ALEEA CRICOVUL DULCE, NR.1, BL.N16, SC.4, AP.40","","","-","","","J40/14436/2004",""
"00016","FLANCO RETAIL SA","RO27698631","401.00016","RO","B","","JUD. ILFOV, ORS. VOLUNTARI, SOS. BUCURESTI NORD, NR.15-23, PARCUL DE BIROURI SWAN, CLADIREA A (DENUM","","","0212038100","","","J23/513/2012",""
"00017","CRISTIAN KLIMATEHNIK SRL","RO30186089","401.00017","RO","IF","","JUD. ILFOV, ORS. POPESTI-LEORDENI, STR. LEORDENI, NR.77, AP.1","","","-","","","J23/1298/2012",""
"00018","ROMSTAL IMEX SRL","RO5990324","401.00018","RO","B","","MUNICIPIUL BUCURESTI, SECTOR 4, SOS. VITAN BARZESTI, NR.11A","","","0213320901","","","J40/14205/1994",""
"00019","KARMA PROTECT SRL","RO23155586","401.00019","RO","DB","","JUD. DAMBOVITA, MUN. TIRGOVISTE, BLD. UNIRII, BL.72, SC.A, AP.16","","","0729858255","","","J15/118/2008",""
"00020","VOLTA TEC SRL","RO19176807","401.00020","RO","B","","MUNICIPIUL BUCURESTI, SECTOR 6, DRUMUL SARII, NR.84, AP.CAMERA 2","","","7813729","","","J40/17965/2006",""
"00021","CONSOFT SRL","RO14811991","401.00021","RO","BV","","JUD. BRASOV, MUN. BRASOV, STR. CARPATILOR, NR.60, BL.OBIEC.96, AP.PARTER","","","311477","","","J08/1042/2002",""
"00022","EUROVENT CLIMA TRADING SRL","RO34623089","401.00022","RO","IF","","JUD. ILFOV, ORS. POPESTI-LEORDENI, SOS. BERCENI, NR.11, CORP DREAPTA, BIROUL NR. 15, 16, 18 SI 19","","","-","","","J23/1914/2015",""
"00023","K-MOB EXCLUSIVE DESIGN S.R.L.","RO28607755","401.00023","RO","B","","MUNICIPIUL BUCURESTI, SECTOR 6, B-DUL TIMISOARA, NR.69, BL.C13, SC.B, ET.10, AP.79","","","-","","","J40/7096/2011",""
"00024","ARABESQUE SRL","RO5340801","401.00024","RO","GL","","MUN. GALATI, STR. TIMISULUI, NR.1","","","0236463063","","","J17/666/1994",""
"00025","AUCHAN ROMANIA SA","RO17233051","401.00025","RO","B","","MUNICIPIUL BUCURESTI, SECTOR 6, STR. BRASOV, NR.25, ET.4, AP.CAMERA 1","","","0374810000","","","J40/2731/2005",""
"00026","MONTECRISTO RETAIL RO SRL","RO15103845","401.00026","RO","B","","MUNICIPIUL BUCURESTI, SECTOR 3, BLD. BASARABIA, NR.256, BL.115C","","","0314381764","","","J40/10084/2011",""
"00027","TRODAT SRL","RO3969148","401.00027","RO","B","","MUNICIPIUL BUCURESTI, SECTOR 3, STR. RADU CALOMFIRESCU, NR.6, ET.P, AP.CAMERA 4","","","0213153948","","","J40/5809/1993",""
"00028","GUSTAV SRL","RO2737280","401.00028","RO","BV","","JUD. BRASOV, LOC. TIMISU DE JOS ORS. PREDEAL, STR. SECTOR DIMBUL MORII, NR.30","","","0722369747","","","J08/3289/1992",""
"00029","STOP HOTEL SRL","RO30525517","401.00029","RO","BV","","JUD. BRASOV, SAT SANPETRU COM. SANPETRU, STR. ZAHARIA BARSAN, NR.6DJ, CAM.1","","","0722218816","","","J08/1222/2012",""
"00030","LAGARDERE TRAVEL RETAIL SRL","RO8529539","401.00030","RO","B","","SECTOR 2, BLD. DIMITRIE POMPEIU, NR.9-9A, ET.P+1+2","","","0314078250","","","J40/4844/1996",""
"00031","VERTICAL CIA SRL","RO18679835","401.00031","RO","B","","MUNICIPIUL BUCURESTI, SECTOR 6, BLD. IULIU MANIU, NR.109A, BL.E1, SC.1, ET.P, AP.2","","","0724915637","","","J40/8027/2006",""
"00032","MED CLIMA-FIRE SYSTEMS S.R.L.","RO39398930","401.00032","RO","B","","JUD. BUZAU, SAT BERCA COM. BERCA, BERCA, BL.1, SC.1, ET.1, AP.8","","","0724915637","","","J40/8027/2006",""
"00033","VALROM INDUSTRIE SRL","RO8529679","401.00033","RO","B","","MUNICIPIUL BUCURESTI, SECTOR 6, B-DUL PRECIZIEI, NR.28","","","0742530899","","","J40/4810/1996",""
"00034","CORAL BUSINESS INSTAL SRL","RO31990390","401.00034","RO","B","","MUNICIPIUL BUCURESTI, SECTOR 1, STR. CORALILOR, NR.2, CORP C2-DEPOZIT, CAMERA P5, PARTER","","","0746174471","","","J40/8662/2013",""
"00035","STUDIO MODERNA S.A.","RO15065733","401.00035","RO","B","","MUNICIPIUL BUCURESTI, SECTOR 6, SPL. INDEPENDENTEI, NR.319L, CLADIREA PARIS, CORP A1, ET.PARTER","","","0214075050","","","J40/12581/2002",""
"00036","WUNDER HAFF SRL","RO27018590","401.00036","RO","B","","MUNICIPIUL BUCURESTI, SECTOR 6, ALEEA BAIA DE ARIES, NR.2, BL.7, SC.3, ET.1, AP.36","","","0740090229","","","J40/5699/2010",""
"00037","SATBOS SRL","RO8324410","401.00037","RO","VL","","JUD. ARGES, SAT DEDULESTI COM. MORARESTI, DEDULESTI, NR.61","","","0722549611","","","J38/221/1996",""
"00038","LACTO BAR AGNEZA S.R.L.","RO1913787","401.00038","RO","B","","JUD. CALARASI, MUN. CALARASI, STR. BUCURESTI, NR.293","","","0242313040","","","J51/274/1992",""
"00039","ALBATROS SRL","RO1932290","401.00039","RO","CL","","JUD. CALARASI, MUN. CALARASI, SOS. CHICIULUI","","","0242312265","","","J51/230/1991",""
"00040","LIDL DISCOUNT SRL","RO22891860","401.00040","RO","PH","","JUD. PRAHOVA, SAT NEDELEA COM. ARICESTII RAHTIVANI, SOS. DN 72, NR.KM 73+810","","","0721258311","","","J29/3212/2007",""
"00041","ZONIX SRL","RO1232670","401.00041","RO","MS","","JUD. MURES, ORS. LUDUS, B-DUL 1 DECEMBRIE 1918, NR.43","","","744616254","","","J26/1683/1992",""
"00042","PROAER TECHNIK SRL","RO35070890","401.00042","RO","IF","","JUD. ILFOV, SAT STEFANESTII DE JOS COM. STEFANESTII DE JOS, STR. LINIA DE CENTURA, NR.2, BL.DEPOZITU","","","-","","","J23/66/2016",""
"00043","ZAHARIA SEMPER INVEST S.R.L.","RO25302217","401.00043","RO","CT","","JUD. CONSTANTA, MUN. CONSTANTA, ALEEA MURELOR, NR.10, BL.BC1, SC.A, AP.28","","","-","","","J13/882/2010",""
"00044","IBBCO COMPANY S.R.L.","RO14217469","401.00044","RO","B","","MUNICIPIUL BUCURESTI, SECTOR 2, SOS. FUNDENI, NR.21-25","","","0722538045","","","J40/8406/2001",""
"00045","CENTRUL MEDICAL DAVA SRL","5822606","401.00045","RO","B","","MUNICIPIUL BUCURESTI, SECTOR 2, STR. AVRAM IANCU, NR.30, CAM 2, AP.1B","","","17466474","","","J40/10695/1994",""
"00046","AUSTIN JUNIOR SRL","RO28083340","401.00046","RO","CT","","JUD. CONSTANTA, MUN. CONSTANTA, BLD. AUREL VLAICU, SOLA 56VN 563/1, LOT 1, ET.3","","","0729332711","","","J13/431/2011",""
"00047","VDB DYNASTY S.R.L.","RO6024548","401.00047","RO","B","","MUNICIPIUL BUCURESTI, SECTOR 3, STR. DRISTORULUI, NR.91-95, BL.C, ET.10, AP.1008","","","-","","","J40/13461/1994",""
"00048","PROFI ROM FOOD SRL","RO11607939","401.00048","RO","TM","","JUD. TIMIS, MUN. TIMISOARA, CAL. SEVER BOCU, NR.31","","","0372568911","","","J35/239/1999",""
"00049","ROMPETROL DOWNSTREAM SRL","RO12751583","401.00049","RO","B","","MUNICIPIUL BUCURESTI, SECTOR 1, PTA. PRESEI LIBERE, NR.3-5, BL.CITY GATE NORTHERN TOWER, ET.2","","","0212067500","","","J40/1716/2000",""
"00050","ENACHE VERGINEL","1531218170018","401.00050","RO","","","GALATI","","","","","","",""
"00051","SOFT CAR PAPERS S.R.L.","39054081","401.00051","RO","B","","MUNICIPIUL BUCURESTI, SECTOR 3, CALEA VITAN, NR.242, CORP C2, PARTER, CAMERA 31","","","-","","","",""
"00052","SOCIETATEA DE ASIGURARE-REASIGURARE CITY INSURANCE SA","10392742","401.00052","RO","B","","MUNICIPIUL BUCURESTI, SECTOR 1, STR. EMANOIL PORUMBARU, NR.93-95, ET.P,1,2,4,5","","","0723356109","","","J40/3150/1998",""
"00053","LUKOIL ROMANIA SRL","RO10547022","401.00053","RO","B","","MUNICIPIUL BUCURESTI, SECTOR 1, STR. SIRIULUI, NR.20, CORP A","","","0752074056","","","J40/4469/1998",""
"00054","CONTAKT EXPRESS LOGISTIK SRL","RO33220770","401.00054","RO","TM","","JUD. TIMIS, MUN. TIMISOARA, STR. CIRESULUI, NR.2, CAMERA 4, ET.1, AP.3","","","0722638557","","","J35/1351/2014",""
"00055","SORGETI SRL","RO14936391","401.00055","RO","B","","MUNICIPIUL BUCURESTI, SECTOR 1, STR. ARH.ION MINCU, NR.17, ET.1, AP.4","","","0212324461","","","J40/10067/2002",""
"00056","BUCOVINA TURISM SEVERIN SA","RO717758","401.00056","RO","SV","","JUD. SUCEAVA, MUN. SUCEAVA, STR. ANA IPATESCU, NR.5","","","0230520250","","","J33/216/1991",""
"00057","ASTON COM SA","RO13521523","401.00057","RO","B","","MUNICIPIUL BUCURESTI, SECTOR 1, SOS. NORDULUI, NR.82-92, ET.4, AP.40","","","2328400","","","J40/10329/2000",""
"00058","ICTCM INSTITUTUL DE CERCETARE SI PROIECTARE TEHNOLOGICA PENTRU C","RO385446","401.00058","RO","B","","MUNICIPIUL BUCURESTI, SECTOR 4, SOS. OLTENITEI, NR.103","","","0213323770","","","J40/8256/1991",""
"00059","EURO HOUSE NM S.R.L.","RO7021744","401.00059","RO","MM","","JUD. MARAMURES, MUN. BAIA MARE, STR. VICTORIEI, NR.81","","","0262218232","","","J24/315/1996",""
"00060","EURO PARTS DISTRIBUTION S.R.L.","RO29405223","401.00060","RO","B","","MUNICIPIUL BUCURESTI, SECTOR 4, STR. SLT. EROU IONESCU GHEORGHE, NR.13, BL.136, SC.2, ET.3, AP.72","","","-","","","J40/14300/2011",""
"00061","NASTI MARATON IMPEX S.R.L.","RO3269594","401.00061","RO","B","","MUNICIPIUL BUCURESTI, SECTOR 4, SOS. VITAN BARZESTI, NR.5-7","","","3344092","","","J40/11039/1992",""
"00062","OMV PETROM MARKETING SRL","RO11201891","401.00062","RO","B","","MUNICIPIUL BUCURESTI, SECTOR 1, STR. CORALILOR, NR.22, BL.CLADIREA INFINITY, ET.1, OVAL B","","","-","","","J40/10637/1998",""
"00063","FRAG3D S.R.L.","39634836","401.00063","RO","B","","MUNICIPIUL BUCURESTI, SECTOR 2, STR. LIZEANU, NR.20, CORPUL B (C1), CAMERA 7 DE LA ETAJ","","","","","","",""
"00064","LINDE GAZ ROMANIA SRL","RO8721959","401.00064","RO","TM","","JUD. TIMIS, MUN. TIMISOARA, ALEEA AVRAM IMBROANE, NR.9","","","0256300791","","","J35/1149/1996",""
"00065","MOL ROMANIA PETROLEUM PRODUCTS SRL","RO7745470","401.00065","RO","CJ","","JUD. CLUJ, MUN. CLUJ-NAPOCA, BLD. 21 DECEMBRIE 1989, NR.77, BL.CLADIREA C-D THE OFFICE, ET.1, AP.CAM","","","0264407600","","","J12/729/2000",""
"00066","SOPREX-IMI SA","RO361234","401.00066","RO","B","","MUNICIPIUL BUCURESTI, SECTOR 5, B-DUL NATIUNILE UNITE, NR.4, BL.107A, ET.5-6","","","0213173030","","","J40/328/1991",""
"00067","PROINVEST SRL","RO7679503","401.00067","RO","B","","JUD. TELEORMAN, MUN. ALEXANDRIA, STR. BUCURESTI, BL.714DE, SC.D, ET.1, AP.3","","","421072","","","J34/25/1991",""
"00068","UNICOM S.R.L.","RO1391152","401.00068","RO","TR","","JUD. TELEORMAN, MUN. TURNU MAGURELE, STR. PRAPORGESCU, NR.41","","","0247416157","","","J34/108/1992",""
"00069","DELTA GRUP TYRES SRL","RO32968057","401.00069","RO","B","","MUNICIPIUL BUCURESTI, SECTOR 5, B-DUL PIEPTANARI, NR.84, CAM. 7, PARTER, BL.P7, AP.2","","","0722257944","","","J40/3624/2014",""
"00070","BEBETEI INVESTMENTS GROUP SRL","RO32742199","401.00070","RO","B","","MUNICIPIUL BUCURESTI, SECTOR 2, B-DUL LACUL TEI, NR.62, PARTER, CAMERA 2","","","-","","","J40/1218/2014",""
"00071","ICTCM - CERCETARE SRL","RO35451208","401.00071","RO","B","","MUNICIPIUL BUCURESTI, SECTOR 4, SOS. OLTENITEI, NR.103, PAVILION CERCETARE-PROIECTARE, ETAJ 3, CAM.","","","-","","","J40/630/2016",""
"00072","COMPLEX HOTELIER UNIREA SA","RO10164493","401.00072","RO","IS","","JUD. IASI, MUN. IASI, PTA. UNIRII, NR.5","","","205000","","","J22/89/1998",""
"00073","AMBASADOR MAMAIA S.R.L.","RO1896465","401.00073","RO","CT","","JUD. CONSTANTA, LOC. MAMAIA MUN. CONSTANTA, HOTEL AMBASADOR","","","0241831185","","","J13/1585/1991",""
"00074","ROUMASPORT SRL","RO23727785","401.00074","RO","B","","MUNICIPIUL BUCURESTI, SECTOR 6, B-DUL IULIU MANIU, NR.546-560, BL.CORP 2","","","021408500","","","J40/6890/2008",""
"00075","INTERSPACE S.R.L.","RO13840646","401.00075","RO","DB","","JUD. DAMBOVITA, ORS. PUCIOASA, STR. ION HELIADE RADULESCU, NR.140","","","0213301808","","","J15/88/2001",""
"00076","TOP MOBIL GSM ADDICT SRL","RO34076461","401.00076","RO","PH","","JUD. PRAHOVA, MUN. PLOIESTI, STR. CONSTANTIN BREZEANU, NR.3A, BL.25, SC.A, ET.P, AP.1","","","-","","","J29/186/2015",""
"00077","BUILD CONSTRUCT&CONSULT S.R.L.","RO40696956","401.00077","RO","B","","MUNICIPIUL BUCURESTI, SECTOR 6, STR. BOSTANILOR, NR.1, SC.1, AP.31","","","","","","",""
"00078","MKT CREATIVE EVENTS SRL","RO26643751","401.00078","RO","IF","","JUD. ILFOV, ORS. OTOPENI, STR. LACUL URSULUI, NR.35B","","","0733580833","","","J23/754/2010",""
"00079","MAGNUM HEATING SRL","RO33404978","401.00079","RO","B","","MUNICIPIUL BUCURESTI, SECTOR 3, INTR. INVINGATORILOR, NR.27, CAMERA 1, PARTER","","","0724168359","","","J40/8589/2014",""
"00080","AIKOM INVEST S.R.L.","RO16766463","401.00080","RO","BH","","JUD. BIHOR, MUN. ORADEA, STR. MIHAIL KOGALNICEANU, NR.62","","","0722636500","","","J05/1646/2004",""
"00081","ELVIDRA COM S.R.L.","RO6720787","401.00081","RO","DB","","JUD. DAMBOVITA, ORS. PUCIOASA, STR. PIETEI, BL.SARMIS, AP.PART","","","0245761514","","","J15/1830/1994",""
"00082","MOTEL BUCIUM SRL","RO24881200","401.00082","RO","IS","","JUD. IASI, MUN. IASI, SOS. SOS. IASI - VASLUI KM 12","","","0740023666","","","J22/3679/2008",""
"00083","FALKOR SRL","RO2977428","401.00083","RO","DB","","JUD. DAMBOVITA, MUN. TARGOVISTE, STR. ION HELIADE RADULESCU, NR.8","","","0245632986","","","J15/216/1993",""
"00084","VENTSYS INSTAL SRL","RO30202770","401.00084","RO","B","","MUNICIPIUL BUCURESTI, SECTOR 2, ALEEA TIBISCUM, NR.53, ET.1, AP.6","","","-","","","J40/5605/2012",""
"00085","SIM AUTO TOTAL SERVICE SRL","RO35092058","401.00085","RO","IF","","JUD. ILFOV, ORS. POPESTI-LEORDENI, STR. 1 MAI, NR.25A","","","-","","","J23/3555/2015",""
"00086","LINTECOM S.R.L.","786936","401.00086","RO","SB","","JUD. SIBIU, MUN. SIBIU, STR. PALTINUL, NR.16","","","-","","","J32/774/1991",""
"00087","CASA SANATORIALA A PENSIONARILOR","RO5533543","401.00087","RO","","","JUD. DAMBOVITA, ORS. PUCIOASA, STR. AVRAM IANCU, NR.1","","","0245761706","","","-/-/-",""
"00088","COMAT AUTOBENZ S.R.L.","RO15528455","401.00088","RO","BZ","","JUD. BUZAU, MUN. BUZAU, DN 10 KM 1+885-CAPATUL STR.TRANSILVANIEI","","","0238718919","","","J10/511/2003",""
"00089","REWE (ROMANIA) SRL","RO13348610","401.00089","RO","IF","","JUD. ILFOV, SAT STEFANESTII DE JOS COM. STEFANESTII DE JOS, STR. BUSTENI, NR.7","","","0372128800","","","J23/886/2005",""
"00090","TRANS IVINIS & CO S.R.L.","RO5851237","401.00090","RO","AB","","JUD. ALBA, MUN. SEBES, STR. M.KOGALNICEANU, NR.61","","","025873234","","","J01/644/1994",""
"00091","ROB RALCOM S.R.L.","RO19189726","401.00091","RO","OT","","JUD. OLT, ORS. CORABIA, STR. CEZAR BOLLIAC, NR.48","","","0726752845","","","J28/815/2006",""
"00092","PRAKTIKER ROMANIA S.A.","RO14398713","401.00092","RO","B","","MUNICIPIUL BUCURESTI, SECTOR 6, SPL. INDEPENDENTEI, NR.319 L SI M, ET.1","","","021-2047222","","","J23/89/2002",""
"00093","HALI SRL","RO5414623","401.00093","RO","CL","","JUD. CALARASI, ORS. LEHLIU-GARA, STR. COMPETROL, NR.57","","","0242640925","","","J51/683/1993",""
"00094","EUROGENETIC S.R.L.","RO6218633","401.00094","RO","OT","","JUD. OLT, ORS. BALS, STR. NICOLAE BALCESCU, NR.19, BL.23, SC.3, AP.40","","","0249450340","","","J28/824/1994",""
"00095","MOSEK SRL","RO22643589","401.00095","RO","SB","","JUD. SIBIU, MUN. SIBIU, STR. ECATERINA VARGA, NR.11, AP.CAMERA 3","","","0747222602","","","J32/1779/2007",""
"00096","DECAPA IMPORT EXPORT S.R.L.","RO9868843","401.00096","RO","CJ","","JUD. CLUJ, MUN. CLUJ-NAPOCA, STR. UNIVERSITATII, NR.1","","","0264406333","","","J12/1905/1997",""
"00097","DANTE INTERNATIONAL SA","RO14399840","401.00097","RO","B","","JUD. ILFOV, ORS. VOLUNTARI, SOS. BUCURESTI NORD, NR.15-23, BL.PARC DE BIROURI SWAN, CLADIREA A, ET.4","","","0212038100","","","J40/372/2002",""
"00098","ALUPLAST SYSTEM SRL","RO16125213","401.00098","RO","CJ","","JUD. CLUJ, MUN. CLUJ-NAPOCA, STR. CERNAVODA, NR.5-9 HALA T, ET.P-SUD","","","0744886398","","","J12/462/2004",""
"00099","HILTI ROMANIA S.R.L.","RO17131957","401.00099","RO","B","","MUNICIPIUL BUCURESTI, SECTOR 5, B-DUL TUDOR VLADIMIRESCU, NR.29, ET.3","","","+40 21 352 3000","","","J23/1130/2005",""
"00100","GENERAL BUSINESS SYSTEM SRL","RO3329718","401.00100","RO","B","","MUNICIPIUL BUCURESTI, SECTOR 4, STR. LIVENI, NR.43","","","0214116150","","","J40/15845/1992",""
"00101","MASATTO DISTRIBUTION SRL","RO32100830","401.00101","RO","CJ","","JUD. CLUJ, MUN. CLUJ-NAPOCA, STR. DOROBANTILOR, NR.112, BL.G1, ET.3, AP.42","","","0748634890","","","J12/2036/2014",""
"00102","ARO-PALACE SA","RO1102041","401.00102","RO","BV","","JUD. BRASOV, MUN. BRASOV, BLD. EROILOR, NR.27","","","0268477664","","","J08/13/1991",""
"00103","SMART MANAGEMENT PARTNERS SRL","32203348","401.00103","RO","B","","MUNICIPIUL BUCURESTI, SECTOR 6, DRUMUL SABARENI, NR.24-26, CAMERA 2","","","-","","","J40/10981/2013",""
"00104","DIPET SERVCOM SRL","RO3574920","401.00104","RO","B","","MUNICIPIUL BUCURESTI, SECTOR 3, STR. PERICLE PAPAHAGI, NR.10-14","","","0213454110","","","J40/23335/1992",""
"00105","CALOR SRL","RO3004724","401.00105","RO","B","","MUNICIPIUL BUCURESTI, SECTOR 5, CALEA PROGRESULUI, NR.30-40, AP.BIROUL 2","","","0745076813","","","J40/13176/1991",""
"00106","MEGATECH TRADING & CONSULTING SRL","RO3395444","401.00106","RO","B","","MUNICIPIUL BUCURESTI, SECTOR 1, STR. BUZESTI, NR.61, BL.A6, SC.A, ET.6, AP.39","","","0213127595","","","J40/22605/1992",""
"00107","AUTO RAPTOR SRL","27628199","401.00107","RO","B","","SECTOR 3, B-DUL ENERGETICIENILOR, NR.92-98","","","0722262626","","","J40/10284/2010",""
"00109","MASTER SPORT SRL","RO13446790","401.00109","RO","B","","SECTOR 4, STR. GH. SINCAI, NR.15, BL.5A, SC.A, ET.6, AP.21","","","031105075","","","J40/9392/2000",""
"00110","PINUM DOORS & WINDOWS S.R.L.","RO24230589","401.00110","RO","B","","SECTOR 2, SOS. PIPERA, NR.48, ET.2","","","2333431","","","J40/12717/2008",""
"00111","VILA SANZIANA SRL","RO17711458","401.00111","RO","BV","","JUD. BRASOV, LOC. POIANA BRASOV MUN. BRASOV, VILA SANZIANA,STR.FANTANITA CU BRAD","","","0724372602","","","J08/1591/2005",""
"00112","SEISIM SERV S.R.L.","RO18803010","401.00112","RO","MS","","JUD. MURES, SAT ACATARI COM. ACATARI, DRUMUL D.N. 13, KM. 161+300 STG, VATMAN","","","-","","","J26/1044/2006",""
"00113","ROMSTAL MURES S.R.L.","RO12763600","401.00113","RO","MS","","JUD. MURES, MUN. TARGU MURES, STR. GHEORGHE DOJA, NR.191","","","0265168197","","","J26/143/2000",""
"00114","RAMIRO INVESTMENTS TRADING SRL","RO31390906","401.00114","RO","B","","MUNICIPIUL BUCURESTI, SECTOR 3, STR. VALERIU BRANISTE, NR.56, CAMERA NR.1, BL.A, SC.A, ET.4, AP.10","","","-","","","J40/3614/2013",""
"00115","HOSPITALITY & MARKETING SRL","RO32536024","401.00115","RO","TM","","JUD. TIMIS, MUN. TIMISOARA, STR. 1 DECEMBRIE, NR.94, AP.1","","","-","","","J35/2979/2013",""
"00116","CONTINENTAL HOTELS S.A. BUCURESTI SUCURSALA SIBIU","795608","401.00116","RO","SB","","JUD. SIBIU, MUN. SIBIU, CAL. DUMBRAVII, NR.2-4","","","0269218100","","","J32/1042/1991",""
"00117","INTELLIGENT IT SRL","RO18990059","401.00117","RO","SB","","JUD. SIBIU, MUN. SIBIU, STR. ACILIU, NR.22","","","0724253780","","","J32/1274/2006",""
"00118","OMNIASIG VIENNA INSURANCE GROUP S.A.","14360018","401.00118","RO","B","","MUNICIPIUL BUCURESTI, SECTOR 1, ALEEA ALEXANDRU, NR.51","","","0214057420","","","J40/10454/2001",""
"00119","TURIST SERVICE SRL","RO7709175","401.00119","RO","GR","","JUD. ILFOV, ORS. BRAGADIRU, STR. SPERANTEI, NR.40, ET.1","","","0721368773","","","J52/433/1995",""
"00120","TIRES AND PARTS SRL","RO35056829","401.00120","RO","B","","MUNICIPIUL BUCURESTI, SECTOR 2, STR. DOAMNA GHICA, NR.30, BL.11SUD, SC.1, ET.6, AP.20","","","-","","","J40/11788/2015",""
"00121","ELECTRONIC WORLD SRL","RO21255775","401.00121","RO","B","","MUNICIPIUL BUCURESTI, SECTOR 1, BLD. EXPOZITIEI, NR.2, CLADIREA MCAR (C9), ET.PARTER","","","0722235783","","","J40/4364/2007",""
"00122","CENTRUL MEDICAL AEQUILIBRIUM SRL","37738270","401.00122","RO","B","","MUNICIPIUL BUCURESTI, SECTOR 2, STR. AVRAM IANCU, NR.30, PARTER, AP. 1B","","","-","","","",""
"00123","DIACONU NICOLETA INTREPRINDERE INDIVIDUALA","RO28000817","401.00123","RO","B","","MUNICIPIUL BUCURESTI, SECTOR 5, BLD. PIEPTANARI, NR.9, BL.5, SC.1, ET.4, AP.17","","","0722843718","","","F40/432/2011",""
"00124","CAIROX ROMANIA S.R.L.","RO15646493","401.00124","RO","B","","MUNICIPIUL BUCURESTI, SECTOR 1, SOS. ODAI, NR.307-309, ET.2","","","0318242111","","","J40/10645/2003",""
"00125","MICRO UNIVERSAL SRL","RO16746547","401.00125","RO","B","","MUNICIPIUL BUCURESTI, SECTOR 4, SOS. OLTENITEI, NR.250, BL.148BIS, SC.1, ET.9, AP.33","","","0722224647","","","J40/14481/2004",""
"00126","ZIPPER SRL","RO13013541","401.00126","RO","PH","","JUD. PRAHOVA, MUN. PLOIESTI, STR. MIHAI EMINESCU, NR.22, BL.8, SC.C, AP.23","","","0768792793","","","J29/421/2000",""
"00127","RENANIA TRADE SRL","RO8006912","401.00127","RO","MS","","JUD. MURES, MUN. TARGU MURES, STR. BUDIULUI, (CORP C),, NR.68","","","0265-264656","","","J26/822/1995",""
"00128","ARIDON MOLDOVA SRL","RO28574372","401.00128","RO","B","","MUNICIPIUL BUCURESTI, SECTOR 1, STR. NICOLAE G. CARAMFIL, NR.22A, BIROUL NR. IIE, INCAPEREA 2, BIROU","","","+040752233358","","","J40/11454/2013",""
"00129","PEERAJ BRANDS INTERNATIONAL SRL","RO17011969","401.00129","RO","B","","MUNICIPIUL BUCURESTI, SECTOR 1, STR. RABAT, NR.1, CAMERA 1","","","0318057224","","","J40/8259/2006",""
"00130","ROBY AUTO S.R.L.","14529401","401.00130","RO","IF","","JUD. ILFOV, COM. JILAVA, STR. MIERLARI, NR.13","","","0744648394","","","J23/1596/2007",""
"00131","adidas Romania SRL","RO15739061","401.00131","RO","B","","MUNICIPIUL BUCURESTI, SECTOR 1, SOS. BUCURESTI - PLOIESTI, NR.42-44, ET.2","","","0726171071","","","J40/12398/2003",""
"00132","PATRIA 2001 SA","RO14335952","401.00132","RO","BH","","JUD. BIHOR, MUN. ORADEA, STR. TEATRULUI, NR.5, AP.3","","","0241831862","","","J05/916/2012",""
"00133","PRINCESSE STAR SRL","RO7127819","401.00133","RO","CT","","JUD. CONSTANTA, LOC. MAMAIA MUN. CONSTANTA, MAMAIA, ZONA CAZINO","","","0722780245","","","J13/892/1995",""
"00134","AUSTING SERV SRL","32589720","401.00134","RO","B","","MUNICIPIUL BUCURESTI, SECTOR 3, STR. TROSCOTULUI, NR.9-11","","","0723927003","","","J40/15424/2013",""
"00135","DOLGAS SRL","RO17202926","401.00135","RO","OT","","JUD. OLT, MUN. CARACAL, STR. MIHAIL KOGALNICEANU, NR.15","","","0740152607","","","J28/119/2005",""
"00136","PARFENI GETA PERSOANA FIZICA AUTORIZATA","RO19335740","401.00136","RO","B","","MUNICIPIUL BUCURESTI, SECTOR 4, STR. CALTUNASI, NR.1, BL.147, SC.1, ET.P, AP.2","","","0213349726","","","F40/159/2001",""
"00137","OLTWAM S.R.L.","RO11179581","401.00137","RO","OT","","JUD. OLT, COM. CRAMPOIA","","","0743160110","","","J28/360/1998",""
"00138","ARSIS TRADING SRL","RO436787","401.00138","RO","B","","MUNICIPIUL BUCURESTI, SECTOR 6, STR. VALEA CALUGAREASCA, NR.14, CAMERA NR. 1, BL.2, SC.A, ET.2, AP.9","","","0765441032","","","J40/3290/1991",""
"00139","FF GROUP ROMANIA SRL","RO11782050","401.00139","RO","B","","MUNICIPIUL BUCURESTI, SECTOR 1, STR. TACHE IONESCU, NR.8, PARTER","","","0214117086","","","J40/4676/1999",""
"00140","MAGISTRAL SERVICE RAPID S.R.L.","RO39106660","401.00140","RO","B","","MUNICIPIUL BUCURESTI, SECTOR 3, STR. RAMNICU VALCEA, NR.31, CAMERA 1, BL.17A, SC.2, ET.1, AP.62","","","-","","","J40/4293/2018",""
"00141","EURO-TOUR SRL","RO11371616","401.00141","RO","BV","","JUD. BRASOV, MUN. BRASOV, STR. ANINOASA, NR.5","","","0268471747","","","J08/28/1999",""
"00142","ALUNU SRL","RO7203150","401.00142","RO","OT","","JUD. OLT, ORS. BALS, STR. NICOLAE TITULESCU, NR.5 BIS","","","0249454291","","","J28/223/1995",""
"00143","STOP UNU SRL","RO26100704","401.00143","RO","BV","","JUD. BRASOV, SAT SANPETRU COM. SANPETRU, STR. ZAHARIA BARSAN, NR.DJ 6, BL.OBIECTIV 2","","","0268318431","","","J08/1429/2009",""
"00144","TOP STRONG S.R.L.","RO28088917","401.00144","RO","SV","","JUD. SUCEAVA, MUN. SUCEAVA, STR. STRANDULUI, NR.50","","","0746582555","","","J33/194/2011",""
"00145","INSTALLHOME SELLS SRL","RO24199025","401.00145","RO","B","","MUNICIPIUL BUCURESTI, SECTOR 5, ALEEA PRICOPAN, NR.6A, BL.17, SC.1, ET.4, AP.19","","","0723168094","","","J40/12296/2008",""
"00146","STOICA TITI MIHAI","1861021282200","401.00146","RO","B","","sector 4, strada Maria Tanase nr.4, bloc 28 scara a,et.1 ap 5","","","","","","",""
"00147","ALL AUTO PAPER CONTRACTS SRL","37224694","401.00147","RO","GR","","JUD. GIURGIU, SAT VARLAAM COM. ADUNATII-COPACENI, VARLAAM","","","0730883234","","","J52/163/2017",""
"00148","SIFEE UTILAJE SRL","RO26704247","401.00148","RO","B","","MUNICIPIUL BUCURESTI, SECTOR 6, STR. PRECIZIEI, NR.30","","","0214202582","","","J40/3179/2010",""
"00149","TOTAL AUTO ELECTRIC S.R.L.","27438330","401.00149","RO","B","","MUNICIPIUL BUCURESTI, SECTOR 4, STR. RIUL SOIMULUI, NR.3, BL.26, SC.1, ET.3, AP.15","","","0767360452","","","J40/9259/2010",""
"00150","DANCOR COM SRL","RO6883598","401.00150","RO","PH","","JUD. PRAHOVA, SAT TANTARENI COM. BLEJOI, TINTARENI, NR.427G","","","0754043000","","","J29/25/1995",""
"00151","RUAND POWER SOLUTIONS SRL","RO31973896","401.00151","RO","B","","MUNICIPIUL BUCURESTI, SECTOR 4, STR. SECUILOR, NR.13A, CAMERA 1, BL.B46, SC.2, ET.3, AP.32","","","0766715257","","","J40/8513/2013",""
"00152","I,V & P INSTALATII SRL","RO7637400","401.00152","RO","B","","MUNICIPIUL BUCURESTI, SECTOR 2, BLD. FERDINAND I, NR.120, BL.O11, ET.PARTER","","","25279140","","","J40/6139/1995",""
"00153","TOR SMART TRADE SRL","RO24848831","401.00153","RO","B","","MUNICIPIUL BUCURESTI, SECTOR 1, STR. BALARIEI, NR.18","","","-","","","J40/20607/2008",""
"00154","BREEZE HVAC SRL","RO18647680","401.00154","RO","B","","MUNICIPIUL BUCURESTI, SECTOR 4, P-TA NATIUNILE UNITE, NR.3-5, BL.B2, SC.1, ET.5, AP.28","","","0727205235","","","J40/7476/2006",""
"00155","HARNIC TEAM S.R.L.","43191583","401.00155","RO","B","","MUNICIPIUL BUCURESTI, SECTOR 2, STR. POIANA CU ALUNI, NR.6, CAMERA NR.1, BL.17, SC.3, ET.4, AP.89","","","-","","","",""
"00156","INTAX TRADING S.R.L.","RO14571848","401.00156","RO","TR","","JUD. TELEORMAN, MUN. ALEXANDRIA, STR. LIBERTATII, BL.A1-A3, ET.P","","","0247421236","","","J34/122/2002",""
"00157","CONSTALARIS SRL","RO16821231","401.00157","RO","B","","MUNICIPIUL BUCURESTI, SECTOR 3, STR. LUGOJANA, NR.11, BL.47, SC.1, AP.1","","","0318055433","","","J40/16029/2004",""
"00158","KARCHER ROMANIA SRL","RO23533592","401.00158","RO","B","","MUNICIPIUL BUCURESTI, SECTOR 1, SOS. ODAI, NR.439, ET.P+1+4","","","0212300171","","","J40/5016/2008",""
"00159","GOURMET FOOD SRL","RO32487916","401.00159","RO","B","","MUNICIPIUL BUCURESTI, SECTOR 1, SOS. NORDULUI, NR.1D, CAMERA NR.3","","","-","","","J40/14261/2013",""
"00160","ALY-NIK PETRO TRANS SRL","RO36229960","401.00160","RO","AG","","JUD. ARGES, SAT SAPUNARI COM. MORARESTI, STR. PETRESTI, NR.67","","","-","","","J03/1118/2016",""
"00161","ELITE EXPRESSIONS S.R.L.","RO28337910","401.00161","RO","B","","MUNICIPIUL BUCURESTI, SECTOR 4, B-DUL CONSTANTIN BRANCOVEANU, NR.113, BL.V6, SC.1, ET.9, AP.40","","","0747010251","","","J40/4522/2011",""
"00162","U.M. 0407 - CENTRUL NATIONAL PENTRU SECURITATE LA INCENDIU SI PR","RO18510762","401.00162","RO","","","","","","2521264","","",""message":"SUCCE",""
"00163","GREEN STAL TRADING SRL","RO24172500","401.00163","RO","B","","MUNICIPIUL BUCURESTI, SECTOR 3, STR. CATANOAIA, NR.33, BIROU NR. 9, PAVILION ADMINISTRATIV","","","0752050006","","","J40/12060/2008",""
"00164","DENY LOOK S.R.L.","RO24284953","401.00164","RO","","","JUD. ALBA, MUN. ALBA IULIA, STR. GHEORGHE SINCAI, NR.2B","","","","","","",""
"00165","INTER-LINE COMPANY SRL","RO7629939","401.00165","RO","VL","","JUD. VALCEA, MUN. RAMNICU VALCEA, STR. STIRBEI VODA, NR.42","","","0250737306","","","J38/473/1995",""
"00166","AVANT LEASING IFN S.A.","RO13341280","401.00166","RO","B","BUCURESTI SECTOR 1","SOS. BUCURESTI-PLOIESTI, NR. 19-21","","","","","","J40/8204/2000",""
"00167","MOBIUP DISTRIBUTION SRL","RO26972622","401.00167","RO","B","","MUNICIPIUL BUCURESTI, SECTOR 6, STR. VALEA CALUGAREASCA, NR.14, CAMERA 2, BL.2, SC.A, ET.2, AP.9","","","076544032","","","J40/5350/2010",""
"00168","DANLILI S.R.L.","RO8577773","401.00168","RO","AB","","JUD. ALBA, MUN. ALBA IULIA, STR. ROZELOR, NR.16","","","","","","J01/325/1996",""
"00169","PROFELIS C&V SRL","RO16158695","401.00169","RO","SB","","JUD. SIBIU, MUN. SIBIU, STR. TURDA, NR.15","","","","","","J32/253/2004",""
"00170","KAGO COMPANY S.R.L.","RO24860312","401.00170","RO","IF","","JUD. ILFOV, ORS. BRAGADIRU, STR. LIBERTATII, NR.10-16, BL.K2, SC.1, ET.1, AP.2","","","0727732716","","","J23/3838/2008",""
"00171","MURESUL-DRAMBAR S.R.L.","RO26125245","401.00171","RO","AB","","JUD. ALBA, SAT DRAMBAR COM. CIUGUD, CALEA ALBA IULIA, NR.2","","","","","","J01/697/2009",""
"00172","VERTIGO SUN SRL","RO30880322","401.00172","RO","B","","MUNICIPIUL BUCURESTI, SECTOR 4, SOS. VITAN BARZESTI, NR.7D-7E, CORP C, CAMERA 2, ET.5, AP.78","","","","","","J40/8693/2014",""
"00173","SOCAR PETROLEUM S.A.","RO12546600","401.00173","RO","B","","MUNICIPIUL BUCURESTI, SECTOR 1, STR. PECHEA, NR.32-36, ET.4","","","0231533303","","","J40/13723/2012",""
"00174","TANO ACTIV SERVICE SRL","RO30790599","401.00174","RO","B","","MUNICIPIUL BUCURESTI, SECTOR 4, STR. IONESCU GHEORGHE SLT., NR.1, BL.148, SC.A, ET.6, AP.38","","","","","","",""
"00175","ADERUS CONSTRUCT SRL","RO38026989","401.00175","RO","IF","","JUD. ILFOV, ORS. BRAGADIRU, STR. COLINEI, NR.12, CAMERA NR.1, ET.2, AP.6","","","","","","J23/4007/2017",""
"00176","CASMALA CARMEN NINETA","2860531282205","401.00176","RO","OT","","Corabia","","","","","","",""
"00177","POLY - DIM SERV EXIM SRL","RO5158290","401.00177","RO","B","","MUNICIPIUL BUCURESTI, SECTOR 2, STR. MAICA DOMNULUI, NR.49, ET.P","","","","","","J40/977/1994",""
"00178","ELECTRIC TOP LOGISTIC TEAM SRL","RO37015744","401.00178","RO","B","","MUNICIPIUL BUCURESTI, SECTOR 3, STR. VLAHITA, NR.3, CAMERA 2, BL.PM18, SC.C, ET.3, AP.88","","","","","","J40/1286/2017",""
"00179","IDEA BROKER DE ASIGURARE SRL","16741957","401.00179","RO","B","","MUNICIPIUL BUCURESTI, SECTOR 1, SOS. BUCURESTI PLOIESTI, NR.17-21, ET.2, AP.CAMERA118","","","0723377310","","","J40/14402/2004",""
"00180","ALSIRO FAMILY S.R.L.","22171915","401.00180","RO","B","","MUNICIPIUL BUCURESTI, SECTOR 4, SOS. VITAN BARZESTI, NR.7D, BL.3, SC.B, ET.6, AP.386","","","","","","J40/14279/2007",""
"00181","FOX TOWN SRL","RO26344415","401.00181","RO","IF","","JUD. ILFOV, SAT TUNARI COM. TUNARI, STR. MIHAI EMINESCU, NR.8","","","0212675667","","","J23/2965/2009",""
"00182","ROX GAZ SRL","RO17485750","401.00182","RO","BZ","","JUD. BUZAU, SAT SAPOCA COM. SAPOCA, STR. PRINCIPALA, NR.560","","","0238714665","","","J10/511/2005",""
"00183","TACI EXIM S.R.L.","RO13671075","401.00183","RO","B","","MUNICIPIUL BUCURESTI, SECTOR 3, STR. BARAJUL BISTRITEI, NR.11, BL.M23, SC.5, ET.4, AP.98","","","","","","J40/988/2001",""
"00184","OPTICAL INVESTMENT GROUP S.A.","RO41476070","401.00184","RO","B","","MUNICIPIUL BUCURESTI, SECTOR 1, STR. AMIRAL HORIA MACELARIU, NR.61-81, CORP B, PARTER, CAMERA 4","","","","","","",""
"00185","GEARUP SERV SRL","30160364","401.00185","RO","B","","MUNICIPIUL BUCURESTI, SECTOR 3, STR. DRISTORULUI, NR.98, CAMERA 2, BL.11, SC.C, ET.2, AP.98","","","","","","J40/5196/2012",""
"00186","LENIRTAC S.R.L.","RO38662048","401.00186","RO","B","","JUD. DOLJ, SAT CARCEA COM. CARCEA, STR. CALEA BUCURESTI, NR.52","","","0788168044","","","J16/22/2018",""
"00187","ELECTRONICS SUPORT DIVISION SRL","RO25042583","401.00187","RO","B","","MUNICIPIUL BUCURESTI, SECTOR 3, B-DUL DECEBAL, NR.14, BL.S6","","","0213266063","","","J40/1227/2009",""
"00188","770 GOLD SHINE SRL","37030248","401.00188","RO","B","","MUNICIPIUL BUCURESTI, SECTOR 3, STR. ION NISTOR, NR.4, MODUL M14D, ET.1","","","","","","",""
"00189","CORA TERMOINSTAL S.R.L.","RO27180256","401.00189","RO","OT","","JUD. OLT, ORS. CORABIA, BLD. 1 MAI, NR.37B","","","0724505460","","","J28/348/2010",""
"00190","SUPERMARKET LA COCO? S.R.L.","RO31001774","401.00190","RO","PH","","JUD. PRAHOVA, MUN. PLOIESTI, STR. GHEORGHE TITEICA, NR.4, BL.A, ET.PARTER, AP.1","","","0238439126","","","J29/2627/2017",""
"00191","MOTO E MOTION SRL","RO29698638","401.00191","RO","MS","","JUD. MURES, SAT SANTANA DE MURES COM. SANTANA DE MURES, STR. PRINCIPALA, NR.237","","","0740058601","","","J26/109/2012",""
"00192","SANIOR COM S.R.L.","RO7900727","401.00192","RO","B","","MUNICIPIUL BUCURESTI, SECTOR 4, SOS. OLTENITEI, NR.195","","","0722230218","","","J40/12343/1992",""
"00193","EBICOM S.R.L.","RO10557824","401.00193","RO","B","","MUNICIPIUL BUCURESTI, SECTOR 5, SOS. SALAJ, NR.131D, ET.2","","","","","","J40/4197/1998",""
"00194","EUPHORIA PUB SRL","RO26538322","401.00194","RO","CJ","","JUD. CLUJ, MUN. CLUJ-NAPOCA, STR. CARDINAL IULIU HOSSU, NR.25","","","0752333344","","","J12/267/2010",""
"00195","OZKARDES SRL","RO34352907","401.00195","RO","B","","MUNICIPIUL BUCURESTI, SECTOR 1, SOS. STRAULESTI, NR.1A, CORP CLADIRE C4","","","","","","",""
"00196","AVENIR TELECOM SA","RO9452492","401.00196","RO","B","","MUNICIPIUL BUCURESTI, SECTOR 1, SOS. BUCURESTI-PLOIESTI, NR.67, BL.CLADIREA I, AP.CAM. 1","","","","","","J40/3755/1997",""
"00197","LANIASPORT S.R.L.","RO32748604","401.00197","RO","B","","MUNICIPIUL BUCURESTI, SECTOR 4, STR. RADU VODA, NR.17, SUPRAFA?A 125 MP., ET.5","","","","","","",""
"00198","AZALIS SRL","RO14642582","401.00198","RO","B","","JUD. DOLJ, MUN. CRAIOVA, CAL. BUCURESTI, NR.49, BL.29A, ET.1","","","0251466024","","","J16/443/2002",""
"00199","SERVICE PARACELSUS SRL","RO5299184","401.00199","RO","B","","MUNICIPIUL BUCURESTI, SECTOR 4, SOS. BERCENI, NR.104","","","","","","J40/3358/1994",""
"00200","ENGINE HOUSE S.R.L.","RO18374547","401.00200","RO","B","","MUNICIPIUL BUCURESTI, SECTOR 3, STR. BANUL UDREA, NR.9-11, BL.J2, SC.1, ET.7, AP.31","","","","","","J40/2228/2006",""
"00201","ROT CAR QUALITY SRL","RO24988347","401.00201","RO","B","BUCURESTI SECTOR 3","STR. SCHITULUI, NR.16, BL.43, SC.B, ET.3, AP.70, CAM.1","","","","","","J40/800/2009",""
"00202","ART STORE S.R.L.","RO31316578","401.00202","RO","B","BUCURESTI SECTOR 2","STR. SOLD. ION GEICU, NR.10-12","","","","","","",""
"00203","AC FASHION RETAIL SRL","RO38271600","401.00203","RO","B","BUCURESTI SECTOR 3","STR. LIVIU REBREANU, NR.4, PARTER, SPATIUL G028, SITUAT IN CENTRUL COMERCIAL PARK LAKE","","","","","","J40/16477/2017",""
"00204","DOCKYARD ISLANDS S.R.L.","RO17003885","401.00204","RO","MS","TARGU MURES","STR. BODOR PETER, NR.24, AP.4","","","0745800022","","","J26/2080/2004",""
"00205","BENVENUTI SRL","RO15640024","401.00205","RO","BH","ORADEA","STR. ANGHEL I. SALIGNY, NR.9","","","","","","J05/2211/2004",""
"00206","SINAIA SA","RO1331967","401.00206","RO","PH","SINAIA","BLD. CAROL I, NR.8","","","0749996997","","","J29/81/1991",""
"00207","GRAWE ROMANIA ASIGURARE  S.A.","RO8398697","401.00207","RO","B","BUCURESTI SECTOR 3","STR. VULTURILOR, NR.98A, PARTER, ETAJ 1,ETAJ 2, ETAJ 3 SI ETAJ 8","","","0213126003","","","J40/263/2001",""
"00208","ELLY & ANA CONSTRUCT SRL","RO24550567","401.00208","RO","BV","RASNOV","STR. CAMPULUI, NR.2","","","0268-257843","","","J08/2630/2008",""
"00209","CONAN STRONG S.R.L.","RO17484550","401.00209","RO","OT","CORABIA","STR. CUZA VODA, BL.27, SC.1, ET.PART.","","","0728283131","","","J28/337/2005",""
"00210","COMPANIA NATIONALA POSTA ROMANA S.A.","RO427410","401.00210","RO","B","BUCURESTI SECTOR 2","B-DUL DACIA, NR.140, ET.P","","","0212009258","","","J40/8636/1998",""
"00211","CREMBURG S.R.L.","RO10091316","401.00211","RO","BV","LOC. POIANA BRASOV BRASOV","GRUP SOCIAL, NR.1, BL.1, AP.311","","","0722475685","","","J08/3171/1993",""
"00212","CASTRONUL GUSTOS S.R.L.","RO43133892","401.00212","RO","B","BUCURESTI SECTOR 5","STR. NASAUD, NR.97, \NASAUD SHOPPING CENTER\, CORP 3, SPATIUL 3.60, ET.1","","","","","","",""
"00213","DUNLITE COM SRL","RO9027530","401.00213","RO","DJ","SAT DABULENI DABULENI","STR. VICTORIEI, NR.12","","","","","","J16/1357/1996",""
"00214","JULIEN STILE SRL","RO4653720","401.00214","RO","AG","CAMPULUNG","STR. NEGRU VODA, NR.164BIS","","","0722526526","","","J03/2195/1993",""
"00215","LEVI STRAUSS BUCHAREST S.R.L.","RO44067428","401.00215","RO","B","BUCURESTI SECTOR 3","B-DUL CORNELIU COPOSU, NR.6-8, MODULUL NR. M05, ET.8","","","","","","",""
"00216","DENIM HERMANSTADT SRL","RO19685371","401.00216","RO","SB","SELIMBAR","STR. CAMPULUI, NR.20","","","0269560170","","","J32/1899/2006",""
"00217","SANDA AGROTURISM S.R.L.","16361818","401.00217","RO","MS","CORUNCA","STR. PRINCIPALA, NR.24","","","","","","",""
"00218","FLORIAN TOP COMERCIAL SRL","RO16649765","401.00218","RO","B","BUCURESTI SECTOR 6","STR. IULIU MANIU, NR.103, BL.B, SC.2, ET.5, AP.56","","","","","","J40/12572/2004",""
"00219","COUNTRY RESTAURANT SRL","RO32648222","401.00219","RO","MS","TARGU MURES","STR. LAVANDEI, NR.2, AP.1","","","","","","J26/20/2014",""
"00220","SET-CORPORATION SRL","RO29084042","401.00220","RO","SV","SUCEAVA","STR. TRAIAN TARANU, NR.14, CAMERA 2","","","","","","J33/836/2011",""
"00221","ADI DRAG TRANS SRL","RO28658210","401.00221","RO","MS","TARGU MURES","STR. BORSOS TAMAS, NR.26, AP.11","","","0745406744","","","J26/695/2011",""
"00222","TUDOR AUTO SRL","RO6164088","401.00222","RO","SB","SELIMBAR","STR. CAMPULUI, NR.27","","","0745001471","","","J32/1241/1994",""
"00223","OTTER-DISTRIBUTION SRL","RO9755224","401.00223","RO","IF","CHIAJNA","STR. INDUSTRIILOR, NR.10","","","3163600","","","J23/472/2006",""
"00224","ALINA & SOFIA PENSIUNE S.R.L.","RO40196098","401.00224","RO","SM","SATU MARE","STR. BRANDUSA, BL.G12, AP.10","","","","","","",""
"00225","PROFESIONAL VENDING STORE SRL","RO33747291","401.00225","RO","B","BUCURESTI SECTOR 3","STR. CALUSARILOR, NR.1, BL.50, SC.1, ET.3, AP.14","","","","","","J40/12560/2014",""
"00226","MARIUS-NICOLAS IMPEX S.R.L.","RO17618210","401.00226","RO","B","BUCURESTI SECTOR 6","STR. LAVANDEI, NR.9, BL.P28, SC.4, ET.4, AP.58","","","0721749567","","","J40/9342/2005",""
"00227","ROUA SEA FOOD SRL","RO25200667","401.00227","RO","B","BUCURESTI SECTOR 1","SOS. NORDULUI, NR.7-9","","","","","","",""
"00228","LACHIDA FOOD SRL","RO34685723","401.00228","RO","SJ","ZALAU","STR. SFANTA VINERI, NR.6, CAMERA 2, BL.A14, SC.B, ET.1, AP.29","","","","","","",""
"00229","OFICIUL NATIONAL AL REGISTRULUI COMERTULUI","14942091","401.00229","RO","B","BUCURESTI SECTOR 3","BLD. UNIRII, NR.74, BL.J3B,TR.2+3","","","3160809","","","",""
"00230","ALCON S.R.L.","RO1519090","401.00230","RO","OT","SLATIOARA","","","","0751953064","","","J28/106/1991",""
"00231","HELINS TRADING SRL","RO6591550","401.00231","RO","DJ","GHERCESTI","STR. AVIATORILOR, NR.10","","","051437326","","","J16/3403/1994",""
"00232","MESOPOTAMIA SUD INVEST S.R.L.","RO32564164","401.00232","RO","VL","RAMNICU VALCEA","STR. FERDINAND, NR.13","","","0748601252","","","J38/631/2013",""
"00233","ROHAUS SRL","RO27675514","401.00233","RO","DJ","CRAIOVA","BLD. DECEBAL, NR.25, CAMERA 2","","","0744395000","","","J16/1254/2010",""
"00234","US FOOD NETWORK SA","RO6645790","401.00234","RO","B","BUCURESTI SECTOR 1","CALEA DOROBANTILOR, NR.239, CAMERA 5, ET.2","","","0213120023","","","J40/24660/1994",""
"00235","KAUFLAND ROMANIA SCS","RO15991149","401.00235","RO","B","BUCURESTI SECTOR 2","STR. BARBU VACARESCU, NR.120-144","","","","","","J40/17052/2003",""
"00236","FLOREMI PREST SRL","RO17511638","401.00236","RO","DJ","CRAIOVA","STR. G-RAL DR. ION CERNATESCU, NR.22, BL.F1, SC.1, AP.41","","","","","","J16/890/2005",""
"00237","WILSON INSURANCE BROKER","","401.00237","RO","","","","","","","","","",""
"00238","VS COMPANY BROKER DE ASIGURARE S.R.L.","RO10347199","401.00238","RO","B","BUCURESTI SECTOR 6","PREL. GHENCEA, NR.8, BL.A 2, SC.C, ET.3, AP.72","","","3270056","","","J40/2619/1998",""
"00239","MOTODISCOUNT.RO SRL","RO32216828","401.00239","RO","IF","BERCENI","STR. VASILE GOLDI?, NR.103","","","","","","J23/2728/2013",""
"00240","MP STORE GSMRO S.R.L.","RO45259090","401.00240","RO","B","BUCURESTI SECTOR 6","STR. ZBOINA NEAGRA, NR.8-10, BL.91-95, SC.3, ET.2, AP.99","","","","","","J40/20507/2021",""
"00241","DIAMANT SERVIMPEX SRL","RO1556307","401.00241","RO","B","BUCURESTI SECTOR 1","B-DUL MARESAL AVERESCU, NR.7, BL.4, SC.B, ET.5, AP.23","","","","","","J40/943/1992",""
"00242","TEAM IT & CC S.R.L.","RO32302031","401.00242","RO","DJ","MALU MARE","PREAJBA, STR. HENRY FORD, NR.21B","","","0766242199","","","J16/1517/2013",""
"00243","COMPANIA DE LIBRARII BUCURESTI SA","RO361307","401.00243","RO","B","BUCURESTI SECTOR 4","BLD. UNIRII, NR.10, BL.7B","","","0213130042","","","J40/6333/1992",""
"00244","GRILSORMAR SRL","RO30267663","401.00244","RO","DJ","CRAIOVA","STR. RAZBOIENI, NR.9, BL.B27, SC.1, AP.1","","","0400740040843","","","J16/875/2012",""
"00245","MILEX DAB GRUP SRL","RO31913509","401.00245","RO","OT","CORABIA","STR. GHEORGHE DOJA, NR.4A","","","0741121660","","","J28/369/2013",""
"00246","BLUE RESTAURANT SRL","RO35347380","401.00246","RO","B","BUCURESTI SECTOR 2","B-DUL PACHE PROTOPOPESCU, NR.51, CAMERA 5, BIROUL NR.5, ET.2","","","0726307307","","","J40/15503/2015",""
"00247","TOPTOOLS SRL","RO17593204","401.00247","RO","CJ","CLUJ-NAPOCA","STR. METEOR, NR.71B","","","0745369403","","","J12/1842/2005",""
"00248","SILDOR PROD SRL","RO3219537","401.00248","RO","AR","ARAD","CAL. 6 VANATORI, NR.57","","","0257270622","","","J02/1570/1992",""
"00249","PRO SPERANTA 2002 SRL","RO6747677","401.00249","RO","AG","PITESTI","STR. TRIVALE, NR.23","","","0248610136","","","J03/2069/1994",""
"00250","SIF HOTELURI S.A.","RO56150","401.00250","RO","BH","ORADEA","PTA. EMANUIL GOJDU, NR.53, BL.A10","","","0723569305","","","J05/126/1991",""
"00251","REAL MIRO GAZ SRL","RO26418482","401.00251","RO","B","BUCURESTI SECTOR 5","STR. CAIUS MARCIUS CORIOLAN, NR.5, ET.P, AP.CAM. 1","","","","","","J40/597/2010",""
"00252","TANASA MIHAI-TEODOR - CABINET DE AVOCAT","32399962","401.00252","RO","B","BUCURESTI SECTOR 4","CAL. SERBAN VODA, NR.43, BL.2, SC.5, ET.7, AP.155","","","0747916214","","","",""
"00253","VODAFONE ROMANIA SA","RO8971726","401.00253","RO","B","BUCURESTI SECTOR 2","STR. BARBU VACARESCU, NR.201, ET.4","","","0372022934","","","J40/9852/1996",""
"00254","LEODORMAR AGREMENT  SRL","RO30980518","401.00254","RO","VN","NANESTI","NANESTI","","","0741438420","","","J39/585/2012",""
"00256","ORANGE ROMANIA SA","RO9010105","401.00256","RO","B","BUCURESTI SECTOR 1","BLD. LASCAR CATARGIU, NR.47-53, BL.EUROPE HOUSE","","","0213177919","","","J40/10178/1996",""
"00257","AMARILLO COMUNICACIONES SRL","RO38468409","401.00257","RO","DJ","CARCEA","STR. CIOCARLIEI, NR.38","","","","","","J16/2842/2017",""
"00258","EMMA S.R.L.","RO2292807","401.00258","RO","DJ","CRAIOVA","CALEA BUCURESTI, NR.82A","","","0251406288","","","J16/992/1991",""
"00259","NITA G S VASILE PERSOANA FIZICA AUTORIZATA","RO41952653","401.00259","RO","BZ","BUZAU","STR. TRIUMFULUI, NR.14","","","","","","F10/644/2019",""
"00260","BUCEGI SRL","RO1151575","401.00260","RO","BZ","BUZAU","BLD. GARII, NR.47","","","0238710113","","","J10/549/1991",""
"00261","ELENY S.R.L.","RO2250429","401.00261","RO","BR","BRAILA","CAL. CALARASILOR, NR.214","","","0239687500","","","J09/410/1991",""
"00262","MDB COMPANY SRL","RO29143610","401.00262","RO","TM","TIMISOARA","STR. GHEORGHE ASACHI, NR.22, CAMERA B7","","","0722285348","","","J35/2112/2011",""
"00263","WIN INVEST SRL","RO24088078","401.00263","RO","DJ","CRAIOVA","STR. PELENDAVA, NR.39A","","","0744544148","","","J16/1245/2008",""
"00264","LARA CAKE SRL","RO37857459","401.00264","RO","B","BUCURESTI SECTOR 5","SOS. ALEXANDRIEI, NR.197, CLADIREA C2, SPATIUL 1","","","","","","J40/10750/2017",""
"00265","I D M DINAMIC SRL","RO7037953","401.00265","RO","BZ","BUZAU","STR. OLTETULUI, NR.7","","","711042","","","J10/134/1995",""
"00266","WONDERLAND PLACE SRL","33604623","401.00266","RO","B","BUCURESTI SECTOR 5","STR. CONTESTI, NR.6, CAMERA 2, BL.P83, SC.3, ET.5, AP.79","","","","","","J40/10911/2014",""
"00267","MOL ROMANIA PETROLEUM PRODUCTS SRL","RO7745470","401.00267","RO","CJ","CLUJ-NAPOCA","BLD. 21 DECEMBRIE 1989, NR.77, BL.CLADIREA C-D THE OFFICE, ET.1, AP.CAM.C.1.1","","","0264407600","","","J12/729/2000",""
"00268","HELENE SRL","RO941770","401.00268","RO","DB","TITU","STR. GARII, NR.36","","","0245651114","","","J15/502/1991",""
"00269","NEOGLASS AUTOMOTIVE SRL","RO25263797","401.00269","RO","BV","BRASOV","STR. ZIZINULUI, NR.142B","","","","","","J08/447/2009",""
"00270","ANTECH SIM GROUP SRL","RO38511983","401.00270","RO","B","BUCURESTI SECTOR 2","STR. VASILE LASCAR, NR.159B","","","","","","J40/19442/2017",""
"00271","MOL ROMANIA PETROLEUM PRODUCTS SRL","RO7745470","401.00271","RO","CJ","CLUJ-NAPOCA","BLD. 21 DECEMBRIE 1989, NR.77, BL.CLADIREA C-D THE OFFICE, ET.1, AP.CAM.C.1.1","","","0264407600","","","J12/729/2000",""
"00272","CRYOGENICA S.R.L.","RO1572477","401.00272","RO","B","BUCURESTI SECTOR 2","STR. ISPRAVNICULUI, NR.41","","","0212110859","","","J40/10813/1991",""
"00273","MENATWORK SOLUTIONS S.R.L.","RO30046530","401.00273","RO","IF","POPESTI-LEORDENI","SOS. SOSEAUA DE CENTURA, NR.103, BL.CORP C1, ET.P","","","","","","J23/924/2012",""
"00274","TEILOR S.R.L.","RO15997524","401.00274","RO","AG","PITESTI","STR. SMEUREI, NR.54","","","0248220049","","","J03/1681/2003",""
"00275","FIRE STING SRL","RO16354110","401.00275","RO","PH","PLOIESTI","SOS. VESTULUI, BL.103 A, SC.A, ET.10, AP.42","","","0723490154","","","J29/837/2004",""
"00276","EUROINS ROMANIA ASIGURARE-REASIGURARE SA","5328123","401.00276","RO","B","BUCURESTI SECTOR 1","STR. JIULUI, NR.8, J8 OFFICE PARK, CLADIREA A, ET.2","","","","","","J40/1671/2022",""
"00277","MARKET SRL","RO2700434","401.00277","RO","PH","BAICOI","DN1 PARALELA 45,","","","0344107314","","","J29/1502/1991",""
"00278","ESTEP B2B SOCIETATE PE ACTIUNI","RO31171787","401.00278","RO","B","BUCURESTI SECTOR 1","SOS. BUCURESTI-PLOIESTI, NR. 135 ,CORP C1, PARTER","","","0213264850","","","J40/1214/2013",""
"00279","KARPATEN OUTGOING SRL","RO27928404","401.00279","RO","B","BUCURESTI SECTOR 2","STR. TELEAJEN, NR. 77A ,PARTER","","","0740242733","","","J40/559/2011",""
"00280","TOTAL DIESEL SERVICE SRL","RO12627705","401.00280","RO","B","BUCURESTI SECTOR 2","STR. AGREGATELOR, NR. 18","","","0788021551","","","J40/737/2000",""
"00281","MOL ROMANIA PETROLEUM PRODUCTS SRL","RO7745470","401.00281","RO","CJ","CLUJ-NAPOCA","BLD. 21 DECEMBRIE 1989, NR. 77 ,CAMERA C.1.1, CLADIREA C-D THE OFFICE","","","0264407600","","","J12/729/2000",""
"00282","SANECO SOLUTIONS SRL","RO34277350","401.00282","RO","B","BUCURESTI SECTOR 4","STR. JOITA, NR. 51","","","","","","J40/3600/2015",""
"00283","DDD NORD SRL","RO27678065","401.00283","RO","SV","SUCEAVA","STR. ILIE ILASCU, NR. 6 ,CAMERA 2","","","0746236789","","","J33/677/2010",""
"00284","ASIGURAREA ROMANEASCA - ASIROM VIENNA INSURANCE GROUP SA","336290","401.00284","RO","B","BUCURESTI SECTOR 2","BLD. CAROL I, NR. 31-33","","","0216011099","","","J40/304/1991",""
"00285","CHEILE GRADISTEI SRL","RO3050887","401.00285","RO","BV","BRASOV","STR. VLAD TEPES, NR. 14","","","0268413917","","","J08/11/1993",""
"00286","OCTANO DOWNSTREAM SRL","RO38075752","401.00286","RO","B","BUCURESTI SECTOR 1","STR. TIPOGRAFILOR, NR. 31A ,BIROUL NR. 1","","","","","","J40/14080/2017",""
"00287","SUD - EST PROFESSIONAL SRL","RO37527299","401.00287","RO","B","BUCURESTI SECTOR 3","STR. SEBESANA, NR. 6","","","","","","J40/6546/2017",""
"00288","ROINSTAL PROFESIONAL SRL","RO36050395","401.00288","RO","CT","CONSTANTA","STR. SOSEAUA DIN VII, NR. 42A","","","0745497525","","","J13/1224/2016",""
"00289","NSC ERIA ONLINE S.R.L.","46194789","401.00289","RO","B","BUCURESTI SECTOR 2","STR. ALEXANDRU DONICI, NR. 21","","","","","","J40/9978/2022",""
"00290","PEEK & CLOPPENBURG SRL","RO21518626","401.00290","RO","B","BUCURESTI SECTOR 1","CAL. FLOREASCA, NR. 246B ,PROMENADA SHOPPING CENTER, SUBSOL1 - UNITATEA 1B-045, PARTER - UNITATEA GF","","","","","","J40/6958/2007",""
"00291","A.V.A.M. SRL","RO14756056","401.00291","RO","IF","VOLUNTARI","SOS. STEFANESTI, NR. 4","","","2703197","","","J23/1388/2002",""
"00292","GECRIS BUCOVINA SRL","RO22706458","401.00292","RO","SV","SUCEAVA","STR. STEFANITA VODA, NR. 8","","","0230518851","","","J33/1689/2007",""
"00293","MADO CORPORATION SRL","RO25308163","401.00293","RO","IS","MIROSLAVA","STR. INDUSTRIILOR, NR. 32 ,CORP BIROURI, BIROURILE 6-7","","","0232208602","","","J22/625/2009",""
"00294","JO GLOBAL SRL","RO18978926","401.00294","RO","CJ","MIHAI VITEAZU","NR. 53","","","0264-441936","","","J12/2890/2006",""
"00295","ALCIS INVEST S.R.L.","RO9246778","401.00295","RO","IF","BRANESTI","STR. CIMPULUI, NR. 38A ,CAMERA 1","","","0722256230","","","J23/5692/2017",""
"00296","CHEMICAL LTD SRL","RO8976480","401.00296","RO","GR","COMANA","STR. CUMANI, NR. 465","","","0216654052","","","J52/408/1996",""
"00297","BIANCO SMART SRL","RO5864962","401.00297","RO","B","BUCURESTI SECTOR 6","STR. VALEA CALUGAREASCA, NR. 5 ,PARTER","","","0744561233","","","J40/1098/2017",""
"00298","AZZURRA PIATTAFORME SRL","RO23259056","401.00298","RO","B","BUCURESTI SECTOR 6","INT. 9 MAI, NR. 37A ,CAMERA 2","","","0726352916","","","J40/2380/2008",""
"00299","CARUNTU V. TOADER INTREPRINDERE INDIVIDUALA","40037777","401.00299","RO","IS","IASI","STR. IANCU BACALU, NR. 39","","","0747561859","","","F22/1212/2018",""
"00300","ORAS SLANIC","2843604","401.00300","RO","PH","SLANIC","STR. ALEXANDRU ODOBESCU, NR. 2","","","0244240299","","","",""
"00301","VESSA DIRECTION S.R.L.","RO42732532","401.00301","RO","PH","TARGSORU VECHI","STR. VIILOR, NR. 4","","","","","","J29/1085/2020",""
"00302","LUK & BOB S.R.L.","RO21414099","401.00302","RO","IS","IASI","SOS. BUCIUM, NR. 165","","","","","","J22/867/2007",""
"00303","LAMY PREMIER SRL","RO33481407","401.00303","RO","B","BUCURESTI SECTOR 1","BLD. ION MIHALACHE, NR. 172 ,CAMERA 1","","","","","","J40/9522/2014",""
"00304","MARAL SRL","RO13404361","401.00304","RO","IF","SAT POPESTI LEORDENI POPESTI-LEORDENI","STR. LEORDENI, NR. 161S","","","","","","J23/1343/2010",""
"00305","SBI STEEL INDUSTRY SRL","RO31133872","401.00305","RO","IF","AFUMATI","STR. AUREL VLAICU, NR. 13 ,CAMERA 2","","","0746151104","","","J23/2330/2016",""
"00306","A & C VENTO SRL","RO26393051","401.00306","RO","IS","IASI","CAL. CHISINAULUI, NR. 29","","","752442960","","","J22/26/2010",""
"00307","FLO SHOES S.R.L.","RO46850395","401.00307","RO","B","BUCURESTI SECTOR 6","BLD. IULIU MANIU, NR. 6L ,CLADIREA CAMPUS 6.1, BIROU 250RESCOWORK02","","","","","","J40/18390/2022",""
"00308","COMPANIA NATIONALA "AEROPORTURI BUCURESTI" S.A.","RO26490194","401.00308","RO","IF","SAT OTOPENI OTOPENI","CAL. BUCURESTILOR, NR. 224 E","","","0212013304","","","J23/401/2010",""
"00309","ELI ATTI KABAI SRL","RO35474058","401.00309","RO","MS","BALAUSERI","AGRISTEU, NR. 187","","","0740088187","","","J26/80/2016",""
"00310","INSTAL GENERATION SRL","RO26551593","401.00310","RO","BV","BRASOV","STR. CRINULUI, NR. 48","","","0745189529","","","J08/218/2010",""
"00311","TECHNOVA INVEST SRL","RO8080331","401.00311","RO","BH","ORADEA","CAL. ARADULUI, NR. 95","","","0259447418","","","J05/118/1996",""
"00312","P.V.M.A. COM SERV SRL","RO6941672","401.00312","RO","AG","CIOFRANGENI","NR. 96","","","0744311133","","","J03/24/1995",""
"00313","ADGIVA CONS SRL","RO18439166","401.00313","RO","PH","DRAGANESTI","NR. 211","","","","","","J29/452/2006",""
"00314","LUC GUARD SL S.R.L.","RO13771368","401.00314","RO","IS","IASI","SOS. BARNOVA, NR. 101B","","","0232236391","","","J22/234/2001",""
"00315","DOLCE VITA CEREMONII SRL","RO37926117","401.00315","RO","CT","CONSTANTA","STR. TRAIAN, NR. 53 ,HOTEL TEN","","","","","","J13/2448/2017",""
"00316","PALAS INTERNATIONAL RESORT SRL","RO26293850","401.00316","RO","IS","IASI","STR. PALAT, NR. 5A","","","","","","J22/1995/2009",""
"00317","BIADAN FAST RENT SRL","37827717","401.00317","RO","CJ","CLUJ-NAPOCA","STR. MARASESTI, NR. 10","","","","","","J12/4081/2017",""
"00318","MEGA IMAGE SRL","RO6719278","401.00318","RO","B","BUCURESTI SECTOR 6","BLD. TIMISOARA, NR. 26","","","","","","J40/27872/1994",""
"00319","MTM IZOLATII & CONSTRUCTII SRL","RO18235662","401.00319","RO","B","BUCURESTI SECTOR 6","STR. PRECIZIEI, NR. 13C","","","0726752313","","","J40/21485/2005",""
"00320","TONI TRADING COM SRL","RO18023511","401.00320","RO","B","BUCURESTI SECTOR 3","STR. NICOLAE TECLU, NR. 55 ,CLADIRE C4 - PAVILION ADMINISTRATIV","","","0213071250","","","J40/16915/2005",""
"00321","GRAFTEX PRODCOM SRL","RO9737945","401.00321","RO","B","BUCURESTI SECTOR 1","SOS. BUCURESTI-PLOIESTI, NR. 42-44 ,CLADIREA B, ARIPA B1","","","0212556781","","","J40/6008/1997",""
"00322","STALEX CONSULT INSTAL S.R.L.","RO44524279","401.00322","RO","B","BUCURESTI SECTOR 4","SOS. VITAN BARZESTI, NR. 7D ,CAM. 1","","","","","","J40/11378/2021",""
"00323","CLIMASYSTEM CONSTRUCT SRL","RO37398925","401.00323","RO","B","BUCURESTI SECTOR 4","SOS. OLTENITEI, NR. 242 ,CAMERA 1","","","","","","J40/5320/2017",""
"00324","TITONEA IOAN-DANIEL PERSOANA FIZICA AUTORIZATA","44462214","401.00324","RO","SB","SELIMBAR","STR. MIHAI VITEAZU, NR. 65","","","0743101187","","","F32/467/2021",""
"00325","MODERN TASTE SRL","RO36011795","401.00325","RO","CT","CONSTANTA","STR. BARBU LAUTARU, NR. 1A","","","0720016998","","","J13/1131/2016",""
"00326","PERROZZI CONFORT SRL","36092382","401.00326","RO","B","BUCURESTI SECTOR 6","DRM. TABEREI, NR. 17 ,CAMERA 1","","","0766502679","","","J40/7035/2016",""
"00327","TAXI BUS SRL","15902311","401.00327","RO","B","BUCURESTI SECTOR 3","STR. CAMPIA LIBERTATII, NR. 4 ,CAMERA 1","","","0723985651","","","J40/15266/2003",""
"00329","OPTIM PROSPER SERV S.R.L.","RO21019138","401.00329","RO","B","BUCURESTI SECTOR 3","STR. PRISACA DORNEI, NR. 2","","","0763607473","","","J40/2498/2007",""
"00330","TARGET INSTAL PLUS SRL","RO24151426","401.00330","RO","B","BUCURESTI SECTOR 4","SOS. OLTENITEI, NR. 107A ,CORP C1, CAM. 1417-1418","","","0743011700","","","J40/8260/2013",""
"00331","GELA COM SRL","RO3479928","401.00331","RO","CJ","CLUJ-NAPOCA","CAL. TURZII, NR. 72","","","0264431744","","","J12/802/1993",""
"00332"," SILVICOM IMPEX 95 SRL","7592910","401.00332","RO","IF","GRUIU","STR. SOS. MÂN. CALDARUSANI   83","","","","","","",""
"00333","PFA VLADU DUMITRU GHEORGHE","23027431","401.00333","RO","B","BUCURESTI SECTOR 5","","","","","","","",""
"00334","FAN COURIER EXPRESS SRL","RO13838336","401.00334","RO","B","BUCURESTI","MUNICIPIUL BUCURESTI, SECTOR 2, SOS. FABRICA DE GLUCOZA, NR.11C","","","","","","J40/4014/2001",""
"00335","NED CONSTRUCT SRL","RO16769966","401.00335","RO","DJ","CRAIOVA","MUN. CRAIOVA, PRL. TEILOR, NR.8","","","","","","J16/1704/2004",""
"00336","ANDREW PHOENIX SRL","RO34129736","401.00336","RO","DJ","CRAIOVA","MUN. CRAIOVA, STR. FRATII BUZESTI, NR.12","","","","","","J16/281/2015",""
"00337","ARIA INVEST CONCEPT GRUP S.R.L.","42659270","401.00337","RO","B","BUCURESTI SECTOR 3","Str. POSTASULUI   24A         Et:4   Ap:54   camera 2","","","","","","J40 /6706 /2020",""
"00338","ALMA ENTERTAINMENT S.R.L.","48761820","401.00338","RO","B","BUCURESTI SECTOR 5","STR. CONTESTI, NR. 6 ,CAMERA 1","","","0724518502","","","J40/16878/2023",""
"00339","ESDERMAN SRL","RO16495976","401.00339","RO","BR","BRAILA","STR. PROGRESULUI, NR. 3","","","0722371619","","","J09/484/2004",""
"00340","BADUC SA","RO1568611","401.00340","RO","B","BUCURESTI SECTOR 5","STR. VIGONIEI, NR. 5-7","","","","","","J40/1069/1991",""
"00341","ISUZU S.R.L.","RO5592400","401.00341","RO","OT","CORABIA","STR. TUDOR VLADIMIRESCU,","","","0249561215","","","J28/368/1994",""
"00342","CRISTAVI COM 2010 SRL","RO7256988","401.00342","RO","B","BUCURESTI SECTOR 4","STR. VULCANESTI, NR. 35 ,CAM.5","","","3344054","","","J40/3425/1995",""
"00343","C & H PRODLEMN SRL","RO6618567","401.00343","RO","BH","ORADEA","STR. 12 OCTOMBRIE, NR. 9","","","0259441869","","","J05/4611/1994",""
"00344","TERMOINSTAL DEMAX S.R.L.","RO39630435","401.00344","RO","VS","VETRISOAIA","VETRISOAIA, NR. 352","","","","","","J37/511/2018",""
"00345","GREEN DOWNSTREAM S.R.L.","RO33071890","401.00345","RO","IF","PANTELIMON","ORS. PANTELIMON, , TARLA 54, PARCELA 492","","","","","","J23/4056/2019",""
"00346","MOD - ELLE COMPANY SRL","RO5548960","401.00346","RO","IF","DOBROESTI DOBROESTI","SAT DOBROESTI COM. DOBROESTI, DRM. DOBROESTI FUNDENI, NR.44, AP.CAM 1","","","","","","J23/4319/2016",""
"00347","BLACK SEA SUPPLIERS SRL","RO8877045","401.00347","RO","CT","CONSTANTA","MUN. CONSTANTA, B-DUL AUREL VLAICU, NR.191","","","","","","J13/2456/1996",""
"00348","CSTO KIDS FASHION S.R.L.","RO41842790","401.00348","RO","B","BUCURESTI SECTOR-1","MUNICIPIUL BUCURESTI, SECTOR 1, STR. AVRAM PACURARU, NR.28, ET.1, AP.3","","","","","","J40/14818/2019",""
"00349","LINCA IG BUSINESS S.R.L.","RO16753315","401.00349","RO","B","BUCURESTI SECTOR-1","MUNICIPIUL BUCURESTI, SECTOR 1, STR. WASHINGTON, NR.40-42, BL.A, ET.1, AP.3","","","","","","J40/14575/2004",""
"00350","REVERIART SRL","RO23631124","401.00350","RO","B","BUCURESTI SECTOR-1","MUNICIPIUL BUCURESTI, SECTOR 1, STR. CAROL KNAPPE, NR.54, CAMERA 1, ET.2, AP.5","","","","","","J40/5981/2008",""
"00351","DRAGOMIR GICUTA INTREPRINDERE INDIVIDUALA","43826988","401.00351","RO","CL","BORCEA BORCEA","SAT BORCEA COM. BORCEA, STR. DUMITRU DUMITRU, NR.7","","","","","","F51/70/2021",""
"00352","BADEA ROBERT PERSOANA FIZICA AUTORIZATA","43026900","401.00352","RO","B","BUCURESTI SECTOR-2","MUNICIPIUL BUCURESTI, SECTOR 2, INTR. SOMNULUI, NR.25, CAMERA NR. 1","","","","","","F40/2172/2020",""
"00353","IKEA ROMANIA S.A.","RO17547941","401.00353","RO","B","BUCURESTI SECTOR-1","MUNICIPIUL BUCURESTI, SECTOR 1, SOS. BUCURESTI-PLOIESTI, NR.42A, ET.1","","","","","","J40/8161/2005",""
"00354","AVANTI UNION SRL","RO28701573","401.00354","RO","B","BUCURESTI SECTOR-2","MUNICIPIUL BUCURESTI, SECTOR 2, STR. ALECU MATEEVICI, NR.4, CAMERA 1","","","","","","J40/7829/2011",""
"00355","POPESCU ALEXANDRU SORIN PERSOANA FIZICA AUTORIZATA","20707422","401.00355","RO","B","BUCURESTI SECTOR-5","MUNICIPIUL BUCURESTI, SECTOR 5, STR. BUZOIENI, NR.8, BL.M41, SC.1, ET.1, AP.11","","","","","","F40/690/2004",""
"00356","TICULEANU IONEL PERSOANA FIZICA AUTORIZATA","22422510","401.00356","RO","B","BUCURESTI SECTOR-3","MUNICIPIUL BUCURESTI, SECTOR 3, STR. PROF. DR. STEFAN S. NICOLAU, NR.13, BL.21, SC.3, ET.2, AP.31","","","","","","F40/2157/2007",""
"00357","DAIAMI HOTEL S.R.L.","RO41939581","401.00357","RO","MS","TARGU MURES","MUN. TARGU MURES, BLD. PANDURILOR, NR.129, AP.1","","","","","","J26/2130/2019",""
"00358","UNITA TURISM HOLDING SA","RO2094737","401.00358","RO","TM","TIMIS","MUN. TIMISOARA, STR. ACADEMICIAN ALEXANDRU BORZA, NR.1","","","","","","J35/1837/2004",""
"00359","CONTINENTAL HOTELS S.A.","RO1559737","401.00359","RO","B","BUCURESTI SECTOR-1","MUNICIPIUL BUCURESTI, SECTOR 1, CALEA GRIVITEI, NR.143","","","","","","J40/1754/1991",""
"00360","PARC-TURISM S.A.","RO11940770","401.00360","RO","DJ","CRAIOVA","MUN. CRAIOVA, STR. BIBESCU, NR.12","","","","","","J16/445/1999",""
"00361","ALEXANDRU MILITINA. GHEORGHE PERSOANA FIZICA AUTORIZATA","30362584","401.00361","RO","B","BUCURESTI SECTOR-4","MUNICIPIUL BUCURESTI, SECTOR 4, B-DUL ALEXANDRU OBREGIA, NR.8, CAMERA 4, BL.OD2, SC.4, ET.10, AP.174","","","","","","F40/2592/2012",""
"00362","TONER PRO SERVICES SRL","RO32377743","401.00362","RO","B","BUCURESTI SECTOR 3","STR. CODRII NEAMTULUI, NR. 13 ,CAM. 2","","","0724240062","","","J40/12977/2013",""
"00363","MILLENIUM PRO DESIGN SRL","RO12098582","401.00363","RO","IF","SAT OTOPENI OTOPENI","STR. SULFINEI, NR. 3","","","","","","J23/1088/2011",""
"00364","ESKY TRAVEL SEARCH SRL","RO26130195","401.00364","RO","B","BUCURESTI SECTOR 1","CAL. GRIVITEI, NR. 84-98 ,SI 100-102, CLADIREA DE BIROURI THE MARK","","","4252670","","","J40/10406/2009",""
"00365","BEEA COMEXIM SRL","RO2777829","401.00365","RO","B","BUCURESTI SECTOR 5","STR. MIHAIL SEBASTIAN, NR. 21","","","0769250896","","","J40/30843/1992",""
"00366","ADRO SPORTS RETAILER STANDARD S.R.L.","RO41873320","401.00366","RO","B","BUCURESTI SECTOR 1","STR. DIACONU CORESI, NR. 53","","","","","","J40/15213/2019",""
"00367","RET UTILAJE SRL","RO6102921","401.00367","RO","IF","POPESTI-LEORDENI","SOS. OLTENITEI, NR. 221","","","0213615103","","","J23/695/2016",""
"00368","COMPANIA NATIONALA DE ADMINISTRARE A INFRASTRUCTURII RUTIERE S.A","RO16054368","401.00368","RO","B","BUCURESTI SECTOR 1","BLD. DINICU GOLESCU, NR. 38","","","0212643200","","","J40/552/2004",""
"00369","ALLIANZ - TIRIAC ASIGURARI SA","RO6120740","401.00369","RO","B","BUCURESTI SECTOR 1","STR. BUZESTI, NR. 82-94 ,ETAJELE 3, 4, 12 SI SPATIUL MAGAZINULUI CONCEPT DE LA PARTERUL CLADIRII","","","0212082299","","","J40/15882/1994",""
"00370","ELBUZ COM SRL","RO6405283","401.00370","RO","NT","SAGNA","NR. 1","","","0740241228","","","J27/1853/1994",""
"00371","CORNEL & VLAD S.R.L.","RO10316400","401.00371","RO","BC","BACAU","STR. MIHAI VITEAZU, NR. 3","","","0234573945","","","J04/257/1998",""
"00372","IMPERIAL GAS 2002 SRL","RO14874809","401.00372","RO","CT","CONSTANTA","BLD. AUREL VLAICU, NR. 311","","","0241514992","","","J13/1979/2002",""
"00373","MGA ELECTROTECH S.R.L.","48881452","401.00373","RO","NT","GARCINA","Sat Garcina Com. Garcina, Str. Pestera, Nr.51","RO60BTRLRONCRT0CO3766101","CONT BANCA TRANSILVANIA IN RON","","","","",""
"00374","IGNAT IONUT -BOGDAN","24524916","401.00374","RO","PH","AZUGA","IZVOARELOR, nr.39","","ING BANK","0072421381","","","",""
"00375","JOLIE HOLDING 2016 SRL","RO35853779","401.00375","RO","GL","GALATI","MUN. GALATI, STR. PORTULUI, NR.25, CAMERA 1, BL.SIRET4, SC.9, ET.2, AP.130","","","","","","",""
"00376","FANPLACE IT SRL","RO31962960","401.00376","RO","IF","CERNICA","Strada Oxigenului nr. 1H Cernica/Ilfov","","","0374477111","comenzi@vexio.ro","","",""
"00377","PUBLI24 DIGITAL SRL","RO20201084","401.00377","RO","BH","ORADEA","B-Dul Dacia  34","","","","","","",""
"00378","ALFAN PRODEMO SRL","37280163","401.00378","RO","GL","GALATI","Str. Sfintul Spiridon  38","RO54RNCB0144154964950005","CONT BANCA COMERCIALA ROMANA IN RON","0771127573","casastefan38@yahoo.com","","",""
"00379","ROMIMPEX SRL","RO146082","401.00379","RO","AG","PITE?TI","STR.PETRE ISPIRESCU,NR14","","","0735524115","contact@romimpex.ro","","",""
"00380","JUMBO EC.R SRL","RO18921652","401.00380","RO","B","BUCURESTI SECTOR 3","BLD. THEODOR PALLADY, NR. 51 ,CLADIREA CENTRUL DE CALCUL, ETAJ 5, CAMERA 502","","","0213156100","","","J40/7122/2013",""
"00381","METROPOL S.R.L.","RO131618","401.00381","RO","AG","BABANA","ZIDARESTI   Nr.6B","RO70BRDE030SV35958300300","BANCA ROMANA DE DEZVOLTARE","0348807959","","","",""
"00382","CREATIV TOOLS SRL","RO26199218","401.00382","RO","B","SECTOR3","Str. Drumul intre Tarlale nr 7, Sector 3","RO81INGB0000999906827768","CONT ING BANK NV IN RON","0314301984","creativtools@gmail.com","","",""
"00383","DIRECT LINE INOX IMPEX SRL","RO7727821","401.00383","RO","CJ","CLUJ-NAPOCA","Calea Baciului nr.  1-3","RO35RNCB0106129072110001","BANCA COMERCIALA ROMANA","","","","",""
"00384","ANDICOM INSTAL S.R.L.","RO43940469","401.00384","RO","AG","SAT STEFANESTII NOI STEFANESTI","ALEEA VOINTEI, NR. 23","","","0743830355","","","J03/687/2021",""
"00385","DORALEX TOP SPEDITION SRL","RO36477796","401.00385","RO","AG","PITESTI","CAL. CAMPULUNG, NR. 34","","","0747679724","","","J03/1476/2016",""
"00386","ROPOTAN FOOD NETWORK SRL","RO33994046","401.00386","RO","B","BUCURESTI SECTOR 2","BLD. EMANUEL PAKE-PROTOPOPESCU, NR. 38 ,DEMISOL","","","","","","J40/558/2015",""
"00387","FAM TOTAL INSTAL SRL","RO26840486","401.00387","RO","B","SECTOR3","BD THEODOR PALLADY, C18","RO62BACX0000001604085000","UNICREDIT BANK SA","0723574710","efactura@faminstal.ro","","",""
"00388","SC ACQUA SERVICE SA","RO9211737","401.00388","RO","B","SECTOR6","Str. PRECIZIEI, Nr. 3 L,","","","0213183881","acquaservicesa@gmail.com","","",""
"00389","HOSTEL FIT TRAVEL S.R.L.","36420889","401.00389","RO","VL","RAMNICU-VALCEA","MUN. RAMNICU VILCEA, BLD. TUDOR VLADIMIRESCU, NR.43","","","","","","",""
"00390","UNITED BUSINESS PARK S.R.L.","RO41883804","401.00390","RO","IF","PANTELIMON","STR. CERNICA, NR. 75-21 ,ANSAMBLU REZIDENTIAL "SWAN LAKE VILLAGE", (TARLAUA 75, PARCELA 762/10)","","","","","","J23/5032/2019",""
"00391","S.C. BRIZCOSIRI AUTO GLASS SRL","RO19215671","401.00391","RO","B","SECTOR2","str. ALEEA MOZAICULUI nr. 1 bl. B4 sc. A et. 7 ap. 29","RO50INGB0000999901526209","ING BANK ROMANIA","","","","",""
"00392","S.C.CASA MATEI MOB SRL","RO39184898","401.00392","RO","VL","RM.VALCEA","RM.VALCEA str. FANTANII nr. 2A","","","","","","",""
"00393","STYL SRL","RO1467595","401.00393","RO","VL","RAMNICU VALCEA","STR.MATEI BASARAB, NR.4 BIS","RO77 BACX 0000 0015 3714 6000","UNICREDIT BANK","","","","",""
"00394","STRADIVARIUS COMPANY SRL","RO21101652","401.00394","RO","B","SECTOR4","str. AL. TOHANI nr. 1 bl. 30 sc. A et. 1 ap. 3","RO40BTRL04104202W19974XX","BANCA TRANSILVANIA","","","","",""
"00395","METATOOLS SRL","RO11013871","401.00395","RO","PH","PLOIESTI","Poligonului","RO69BACX0000004532181000","UNICREDIT BANK SA","","","","",""
"00396","REGISTRUL AUTO ROMAN R.A.","RO1590236","401.00396","RO","B","SECTOR1","BUCURESTI  CALEA GRIVITEI NR.391A  SECTOR 1","RO57 RNCB 0086 0236 6439 0001","Cont bancar RON","","","","",""
"00397","TRATTORIA & PIZZA GIOVANE S.R.L.","RO38367420","401.00397","RO","B","BUCURESTI SECTOR 4","SOS. OLTENITEI, NR. 15 ,IN INCINTA PARCULUI \"ORASELUL COPIILOR\","","","","","","J40/17616/2017",""
"00398","SIMONE TRADING 96 EXIM SRL","RO8237232","401.00398","RO","B","BUCURESTI SECTOR 4","STR. INVATATORULUI, NR. 11","","","","","","J40/1967/1996",""
"00399","TUTNIC COMTUR SRL","RO3163908","401.00399","RO","B","BUCURESTI SECTOR 6","STR. ARIESUL MARE, NR. 3","","","0722642940","","","J40/15052/1991",""
"00400","BT LEASING TRANSILVANIA IFN SA","RO7424119","401.00400","RO","CJ","CLUJ-NAPOCA","Str. C-TIN BRANCUSI, 74-76","RO98BTRL01301202925686XX","BANCA TRANSILVANIA","","","","",""
"00401","PUBLISHING SOLUTIONS SRL","RO39723038","401.00401","RO","B","SECTOR5","str. SULINA nr. 26","RO21BREL0002001811890100","LIBRA BANK","","","","",""
"00402","SC STEFFCO TRADING CO SRL","RO6119621","401.00402","RO","B","SECTOR4","BUCUREST, STR.CETATEA VECHE NR.10  Bloc 3/5A, Scara 1, Etaj 4, Ap.27","","","","","","",""
"00403","POTOL BUN S.R.L.","RO39860159","401.00403","RO","IF","AFUMATI",",TARLAUA 75, PARCELA 265/53, CAM. 1","","","","","","J23/4371/2018",""
"00404","PNEUCOM TYRE STORE & SERVICES S.R.L.","35352646","401.00404","RO","B","BUCURESTI SECTOR 3","STR. COPACENI, NR. 30-34 ,CAMERA 1","","","0314206688","","","J40/15598/2015",""
"00405","CRISTAXI SERVICE SRL","RO4943332","401.00405","RO","B","BUCURESTI SECTOR 6","STR. BARSANESTI, NR. 23 ,CAMERA 1, PARTER","","","0214441515","","","J40/26080/1993",""
"00406","WORK MANAGEMENT MEDICAL S.R.L.","RO6520444","401.00406","RO","B","SECTOR4","B-DUL REGINA MARIA,  NR.25","RO92BREL0002002457460100","LIBRA BANK","0722331150","anca.meleaca@workmedical.ro","","",""
"00407","S.C.NECO METROPOL SRL","RO1863620","401.00407","RO","CT","CONSTANTA","B-DUL MAMAIA nr. 114","RO05RNCB0114016818800001","BANCA COMERCIALA ROMANA","0241831584","natalia_malanga@yahoo.com","","",""
"00408","TBY 94 MIT S.R.L.","RO11703332","401.00408","RO","B","BUCURESTI SECTOR 3","BLD. 1 DECEMBRIE 1918, NR. 29B","","","0723624212","","","J40/3949/1999",""
"00409","PRIMEFOOD SRL","RO30935703","401.00409","RO","IF","VOLUNTARI","STR. MIRCEA CEL BATRAN, NR. 8 ,CAMERA 3","","","","","","J23/3330/2012",""
"00410","LUMINI DE POVESTE S.R.L.","RO43874012","401.00410","RO","B","SECTOR6","B-dul Uverturii  159,  Sector 6","RO05PIRB4240750862002000","CONT FIRST BANK ROMANIA IN EUR","0761999761","contact@luminidepoveste.ro","","",""
"00411","CIBGOMEC SRL","RO2157860","401.00411","RO","GJ","TG-JIU","Margaritarului nr. 1A","RO25RNCB0149114987240006","CONT BANCA COMERCIALA ROMANA IN EUR","0371100006","rezervari@hotelstory.ro","","",""
"00412","WORK MANAGEMENT S.R.L.","RO20363205","401.00412","RO","B","SECTOR4","Bld. Regina Maria, nr. 25","RO80INGB0000999909210397","ING BANK NV","0730709723","facturare@workmanagement.ro","","",""
"00413","AUTOBON PARTS TYRES","RO27389490","401.00413","RO","AG","PITESTI","Nicolae Balcescu","RO91RZBR0000060012903829","RAIFFEISENBANK ROMANIA.","0724441110","office@autobon.ro","","",""
"00414","BOROMIR IND SRL","RO6334476","401.00414","RO","VL","RAMNICU VALCEA","Targului nr 2","RO25INGB0006008156138915","ING BANK ROMANIA","","","","",""
"00415","AVCON STORE SRL","RO17894541","401.00415","RO","NT","POIANA LARGULUI","PRINCIPALA 65","RO20RZBR0000060007552938","RAIFFEISENBANK ROMANIA.","","","","",""
"00416","SC ASCONF SRL SUCEAVA  HOTEL IMPERIUM","RO7143440","401.00416","RO","SV","SUCEAVA","B-DUL SOFIA VICOVEANCA, nr. 17","RO66RNCB0234037008900001","Banca TREZORERIE","0749103626","asconfsv@gmail.com","","",""
"00417","LIVENZA SRL","RO18340552","401.00417","RO","BN","SANGEORZ-BAI","STR. STEJARULUI,","","","0768099905","","","J06/70/2006",""
"00418","MARISAN PROD CARN IMPEX SRL","RO18533707","401.00418","RO","B","BUCURESTI SECTOR 1","STR. LONDRA, NR. 13","","","0732671945","","","J40/11502/2024",""
"00419","M&M SERV IMPORT EXPORT SRL","RO15029374","401.00419","RO","B","BUCURESTI SECTOR 4","BLD. LIBERTATII, NR. 1","","","3343790","","","J40/11866/2002",""
"00420","STELEA VICTOR-SORIN INTREPRINDERE INDIVIDUALA","RO29128009","401.00420","RO","IF","SAT POPESTI LEORDENI POPESTI-LEORDENI","SOS. OLTENITEI, NR. 181","","","0765949130","","","F23/645/2011",""
"00421","SOCIETATE COOPERATIVA MESTESUGAREASCA TEHNICA STICLEI","RO341520","401.00421","RO","B","BUCURESTI SECTOR 4","CALEA VACARESTI, NR. 304","","","3309208","","","C40/10/2005",""
"00422","SHOEBOX PRODUCT ROMANIA SRL","RO27702511","401.00422","RO","B","BUCURESTI SECTOR 1","STR. JEAN MONNET, NR. 35 ,PARTER","","","","","","J40/11023/2010",""
"00423","MARTIN TRAVEL MANAGEMENT S.R.L.","RO32624592","401.00423","RO","IF","TUNARI","STR. PARIS, NR. 3F ,CAMERA NR. 1","","","0745041700","","","J23/3067/2019",""
"00424","BUZDUN MIRCEA","1850518282211","401.00424","RO","OT","CORABIA","str. Horia Closca si crisan nr. 60","","","","","","",""
"00425","COMPLET FASTER AF SRL","49136901","401.00425","RO","B","SECTOR4","MARIA LAZARESCU nr. 53A","RO81RNCB0064177550890001","BANCA COMERCIALA ROMANA","0723585224","","","",""
"00426","DCM OFFICE  CONCEPT SRL","RO39663882","401.00426","RO","B","SECTOR5","Str. Dunavat  Nr 18   Bl. 58 Sc 5 Et 1 Ap 66 Sect 5","RO08BTRLRONCRT0459081501","BANCA TRANSILVANIA","0767602382","dcmofficeconcept@gmail.com","","",""
"00427","ABSOLUT CLIMA S.R.L.","RO45151275","401.00427","RO","B","SECTOR6","Spl. Independen?ei Nr. 313D","RO61BREL0002003307800100","LIBRA BANK","+40730541191","office@abclima.ro","","",""
"00428","SWEET CONCEPT SRL","RO34353201","401.00428","RO","B","SECTOR5","Str. Sirenelor, Nr. 61, Sector 5","RO30RNCB0290145379220001","BANCA COMERCIALA ROMANA","0724/364931","office@sweetconcept.ro","","",""
"00429","SC CIMPAN CV IMPEX SRL","RO12529456","401.00429","RO","CJ","GHERLA","Str. Dumbravei, Nr.55","RO62BUCU2561304240966RON","ALPHA BANK","0374490566(LuniViner","office@timoshop.ro","","",""
"00430","MEESENBURG ROMANIA SRL","RO17979109","401.00430","RO","MS","TARGU MURES","Livezeni 79/A HALA C21","RO08RNCB0193016155290001","BANCA COMERCIALA ROMANA","0746738708","","","",""
"00431","PDF QUALITY PLUS SRL","49204801","401.00431","RO","SB","CISNADIE SIBIU","Daniel Renard, Nr 8F, Cisnadie Sibiu, Sibiu","RO45BTRLRONCRT0CP4930101","BANCA TRANSILVANIA","0754544485","office@pdfqualityplus.ro","","",""
"00432","EUROCLASS SERV SRL","RO18360037","401.00432","RO","B","SECTOR5","Str. Nasaud, Nr.64, Bl.32, Sc.3, Et.2, Ap.75, Sector 5","RO94BACX0000000958880000","UNICREDIT BANK SA","","","","",""
"00433","INTEGRAL CASA EXCLUSIVE S.R.L.","RO44803893","401.00433","RO","IF","TUNARI","STR. TUNARI-BALOTESTI, NR.1E","RO05BTRLRONCRT0614778001","BANCA TRANSILVANIA","","","","",""
"00434","DUMBOLINO LAND SRL","29094801","401.00434","RO","B","BUCURESTI SECTOR 1","MUNICIPIUL BUCURESTI, SECTOR 1, STR. LONEA, NR.6-8, ET.1","","","","","","J40/10968/2011",""
"00435","HELP NET FARMA SA","RO14169353","401.00435","RO","B","BUCURESTI SECTOR 1","MUNICIPIUL BUCURESTI, SECTOR 1, STR. CONSTANTIN DANIEL ROSENTHAL, NR.14, ET.2, AP.3, CAM.2","","","","","","J40/7727/2001",""
"00436","VULCANI SRL","RO1181142","401.00436","RO","BZ","PACLELE","Sat Paclele Com. Berca,","RO35BRDE100SV25091801000","BANCA ROMANA DE DEZVOLTARE","","","","",""
"00437","SC HERMANNSTADT CONFERENCE SRL","RO45307707","401.00437","RO","SB","SIBIU","Calea Gusteritei, nr. 20, Sibiu, 550223","RO88 UGBI 0000 7320 1962 8RON","GARANTIBANK","","","","",""
"00438","S.C. WEBTRADE MARKETING SRL","RO28555370","401.00438","RO","IF","VOLUNTARI","Bld. Pipera, nr. 1E, Voluntari","RO09BTRL04101202441597XX","BANCA TRANSILVANIA","0374004400","facturare@anvelope.ro","","",""
"00439","BIN GO SOLUTIONS S.R.L.","RO6089555","401.00439","RO","B","BUCURESTI SECTOR 4","SOS. GIURGIULUI, NR. 33A ,PARTER. COMPLEX REZIDENTIAL CITY OFFICE RESIDENCE","RO57BRMA101000011431RO03","EXIM BANCA ROMANEASCA","021/9640","bucuresti@uws.ro","","J1994008222405",""
"00440","DUMBRAVA AGRO NIK S.R.L.","RO29076902","401.00440","RO","CL","FUNDULEA","ORS. FUNDULEA, STR. LUCIAN BLAGA, NR.28","","","","","","J51/384/2011",""
"00441","S.C. J&R ENTERPRISES S.R.L.","RO1597870","401.00441","RO","B","SECTOR1","B-dul Pache Protopopescu 25, Et. 4","RO40BACX0000000599896000","UNICREDIT BANK SA","","","","",""
"00442","INDITEX ROMANIA, S.R.L.","RO22304337","401.00442","RO","B","SECTOR2","Bulevardul Vasile Milea 4","","","","","","",""
"00443","SOLAR BETA SRL","RO30998710","401.00443","RO","B","SECTOR2","Str. Cremenita, Nr.39, Corp C1, Et.1, Ap.4b","","","","","","",""
"00444","MM ECO TRADE SPOLKA Z OGRANICZOMNA","PL7773357825","401.00444","PL","","SKORZEWO","","","","","","","",""
"00445","M & M RETAIL S.R.L.","RO21572382","401.00445","RO","B","BUCURESTI SECTOR 1","STR. DR. IACOB FELIX, NR. 87 ,FELIX OFFICE BUILDING, ET.4, BIROU 4, SECTIUNEA 4.4.17","","","0722405319","","","J40/12823/2018",""
"00446","ADIGHERIN S.R.L.","RO11360510","401.00446","RO","TM","TIMISOARA","ALEEA MARTIR GHEORGHE IOSUB, NR. 2","","","0256215514","","","J35/17/1999",""
"00447","MUSETTE EXIM SRL","RO2443","401.00447","RO","B","BUCURESTI SECTOR 2","STR. 7 NOIEMBRIE, NR. 2","","","0744195788","","","J1992008273409",""
"00448","CONSTAL SHOP S.R.L.","RO34291753","401.00448","RO","B","SECTOR4","Str. DRUMUL DEALU BABII, Nr. 16, Bl. LOT 6, Ap. 2","RO19TREZ7045069XXX013349","Trezorerie operativa Sector 4","0774070619","office@constal.ro","","",""
"00449","ASOC PROP ALEEA MOLDOVITA 3","","462.00449","RO","B","","","","","","","","",""
"00450","SC COMPLEX CRYSTAL SRL","RO39815654","401.00450","RO","IS","IASI","COM. REDIU, SAT REDIU","RO26 RNCB 0683 1604 3287 0013","BANCA COMERCIALA ROMANA","0232277884","pensiuneacrystal@yahoo.com","","",""
"00451","BSG INVEST OIL SRL","RO36319770","401.00451","RO","IS","CHICEREA","STR. IASOMIEI, NR.2A","","","","","","",""
"00452","COMEDUS RESTAURANTS S.R.L.","RO32617099","401.00452","RO","IS","IASI","STR. VITEJILOR, NR.7, BL.SD5, ET.3, AP.11","","","","","","",""
"00453","S.C. METALPLUS PRODUCTIE SI SERVICII S.R.L.","RO15893485","401.00453","RO","B","SECTOR3","DRUMUL INTRE TARLALE,nr. 41-45","RO45INGB0000999910322453","ING BANK ROMANIA","","","","",""
"00454","PROFESSIONAL BARTENDING SERVICE SRL","RO18245992","401.00454","RO","CT","CONSTANTA","ARDEALULUI nr. 10 bl. L32 ap. 52","RO69INGB0000999903754442","ING BANK ROMANIA","0723635075","gache.costin@gmail.com","","",""
"00455","NIS PETROL SRL","RO29111546","401.00455","RO","B","SECTOR1","Calea Floreasca nr.246 C (cladirea Skytower), etaj 9","RO44TREZ7005069XXX010237","Trezorerie operativa Municipiul Bucuresti","","","","",""
"00456","MARGARETA SRL","RO22903441","401.00456","RO","IS","SAT VALEA LUPULUI COM. VALEA LUPULUI","STR. DN 28,  NR.48","RO25BTRLRONCRT0CM0856301","BANCA TRANSILVANIA","0749127255","","","",""
"00457","CLIMATICO LINE SRL","RO31307952","401.00457","RO","B","SECTOR2","Calea Mosilor 280, Bloc 20, Scara 2, Ap. 40","","","0311006666","contact@climatico.ro","","",""
"00458","OLX ONLINE SERVICES SRL","RO22457535","401.00458","RO","B","SECTOR1","Sos. Nicolae Titulescu, Cladirea America House 4-8 Aripa de","RO92BACX100000900023OLX0","UNICREDIT BANK SA","","","","",""
"00459","ANUNTUL TELEFONIC SRL","RO1582225","401.00459","RO","B","SECTOR1","BD. MAGHERU nr. 34-38 et. P ap. 2","RO04RNCB0074023855590001","BANCA COMERCIALA ROMANA","0212422142","claudiai@anuntul.ro","","",""
"00460","TRICKSHOT RESTAURANT SRL","RO45094943","401.00460","RO","B","SECTOR2","TOAMNEI Nr.117 Et.PARTER Ap.2+6","RO15BTRLRONCRT0689374604","BANCA TRANSILVANIA","","","","",""
"00461","PORSCHE LEASING ROMANIA IFN SA","RO12064199","401.00461","RO","IF","VOLUNTARI","PIPERA","RO47RZBR0000060026983007","RAIFFEISENBANK ROMANIA.","","office.pfg@porsche.ro","","",""
"00462","THE ORIENT COMPANY SRL","RO1283592","401.00462","RO","GR","GIURGIU","BLD. MIHAI VITEAZU, NR. 13 A","","","093442696","","","J52/60/1991",""
"00463","DIRECT CLIENT SERVICES SRL","RO11648548","401.00463","RO","B","BUCURESTI SECTOR 1","STR. PICTOR ARTHUR VERONA, NR. 15 ,CORP A1","","","0213133329","","","J1999003061406",""
"00464","GHILA I. FLORIAN INTREPRINDERE INDIVIDUALA","25153077","401.00464","RO","OT","CORABIA","STR. MIHAIL KOGALNICEANU, NR. 61B","","","0721115177","","","F28/140/2009",""
"00465","PTC ONLINE SRL","RO33676778","401.00465","RO","DJ","CRAIOVA","strada Vrancei nr.20","RO81INGB0000999904602200","ING BANK ROMANIA","+40720575817","suport@ptc-auto.ro","","",""
"00466","IT&C PREMIUM SERVICE SRL","RO36104290","401.00466","RO","B","BUCURESTI SECTOR 1","STR. NICOLAE RACOTA, NR. 5 ,CORP B, CAM. 1","","","","","","J40/7150/2016",""
"00467","GEO SMART ONLINE SRL","RO50259339","401.00467","RO","B","SECTOR6","Drumul Valea Doftanei, Nr.121-125, Corp 4, Tronson 1, Et.3, Ap.60","RO48INGB0000999915905816","ING BANK ROMANIA","","","","",""
"00468","TRACON SRL P.L. NAVODARI","RO2266522","401.00468","RO","B","SECTOR4","Spl Unirii nr .16, Muntenia Business Center cam.810,811,812 etaj 8, sect 4","","","0239611588","office@tracon.ro","","",""
"00469","PORSCHE BROKER DE ASIGURARE SRL","RO15046472","401.00469","RO","IF","VOLUNTARI","PIPERA","RO05RZBR0000060002829502","RAIFFEISENBANK ROMANIA.","","office.pfg@porsche.ro","","",""
"00471","PORSCHE INTER AUTO ROMANIA SRL","RO22188461","401.00471","RO","IF","VOLUNTARI","Bulevardul Pipera 2","RO70RZBR0000060009434129","RAIFFEISENBANK ROMANIA.","","pbv1@porsche.ro","","",""
"00472","PAGUBA CORNELIA MARIA SAN 68 INTREPRINDERE INDIVIDUALA","30126249","401.00472","RO","AR","ARAD","G-RAL DODA nr. 39","","","","","","",""
"00473","TAGGO STIL SRL","RO44964237","401.00473","RO","SV","SUCEAVA","Str. Stefan cel Mare nr. 4","RO31BTRLRONCRT0619825801","BANCA TRANSILVANIA","","contact@taggo.ro","","",""
"00474","MERSIN TURISM SRL","RO25607530","401.00474","RO","CT","CONSTANTA","STR. CAIUTI, NR. 4 ,CAMERA 1","","","0745182425","","","J2009001309132",""
"00475","RETO MB SP. Z O.O. (FORMERLY: RETO MARCIN BREK SP. K.)","RO48917173","401.00475","RO","B","NIEPRUSZEWO","ul. Swierkowa 4c","","Pekao","","","","",""
"00476","METRO CASH & CARRY ROMANIA SRL","RO8119423","401.00476","RO","B","SECTOR3","B-DUL THEODOR PALLADY, NR.51 N, CLADIREA C6. CORP A","RO68RNCB0445016915120001","BANCA COMERCIALA ROMANA","","","","",""
"00477","HH OPERATIONS S.R.L.","RO48527987","401.00477","RO","B","BUCURESTI SECTOR 1","SOS. PAVEL DIMITRIEVICI KISELEFF, NR. 32 ,CAMERA 2","","","0743345345","","","J2023013611407",""
"00478","BELANCO COM SRL","RO4571581","401.00478","RO","AR","ARAD","STR. COCORILOR, NR. 36","","","0257349010","","","J02/1042/1993",""
"00479","AMV UTIL CONSTRUCT SRL","RO28382407","401.00479","RO","IL","JILAVELE","Sat Jilavele Com. Jilavele, Str. Margaretelor, Nr.21","RO91BTRLRONCRT0523439701","BANCA TRANSILVANIA","","","","",""
"00480","D&D ROPE ACCESS EXPERT S.R.L.","RO51922501","401.00480","RO","B","SECTOR4","Drm Cheile Turzii, Nr.125 - 135, Camera Nr.1, Ap.7","","CONT ING BANK NV IN RON","","","","",""
"00481","CSV MEDA S.R.L.","RO14368607","401.00481","RO","DB","TIRGOVISTE","Str.CALEA IALOMITEI Nr.23","","INTESA SANPAOLO BANK","1234","1234","","",""
"00482","IMPORT EXPORT IRISA SRL","RO399840","401.00482","RO","B","SECTOR1","Str. B-dul BANU MANTA, Nr. 24,","RO51BACX0000003005082000","UNICREDIT BANK SA","0725211061","rezervari@irisa.ro","","",""
"00483","MIDOCAR SRL","RO4992254","401.00483","RO","B","SECTOR1","Sos Odai 219-225","RO11BREL0002002246650100","LIBRA INTERNET BANK","0374236450","midocar.vitan@midocar.ro","","",""
"00484","HIDROTERMIC S.R.L.","RO12671042","401.00484","RO","CT","CONSTANTA","ALEEA BRINDUSELOR, NR. 3","","","0241558859","","","J13/2074/1999",""
